profile,policy,month,owner,median_hexes,campaigns
perfect,greedy,1,player,11,300
perfect,greedy,1,orc,6,300
perfect,greedy,1,goblin,6,300
perfect,greedy,1,dwarf,6,300
perfect,greedy,1,archmage,6,300
perfect,greedy,2,player,25,300
perfect,greedy,2,orc,6,300
perfect,greedy,2,goblin,6,300
perfect,greedy,2,dwarf,6,300
perfect,greedy,2,archmage,6,300
perfect,greedy,3,player,45,300
perfect,greedy,3,orc,6,300
perfect,greedy,3,goblin,6,300
perfect,greedy,3,dwarf,6,300
perfect,greedy,3,archmage,6,300
perfect,greedy,4,player,59,300
perfect,greedy,4,orc,6,300
perfect,greedy,4,goblin,6,300
perfect,greedy,4,dwarf,6,300
perfect,greedy,4,archmage,6,300
perfect,greedy,5,player,78,300
perfect,greedy,5,orc,6,300
perfect,greedy,5,goblin,4,300
perfect,greedy,5,dwarf,6,300
perfect,greedy,5,archmage,6,300
perfect,greedy,6,player,86,300
perfect,greedy,6,orc,4,300
perfect,greedy,6,goblin,3,300
perfect,greedy,6,dwarf,4,300
perfect,greedy,6,archmage,0,300
perfect,greedy,7,player,88,300
perfect,greedy,7,orc,3,300
perfect,greedy,7,goblin,3,300
perfect,greedy,7,dwarf,3,300
perfect,greedy,7,archmage,0,300
perfect,greedy,8,player,89,300
perfect,greedy,8,orc,3,300
perfect,greedy,8,goblin,0,300
perfect,greedy,8,dwarf,3,300
perfect,greedy,8,archmage,0,300
perfect,greedy,9,player,89,300
perfect,greedy,9,orc,3,300
perfect,greedy,9,goblin,0,300
perfect,greedy,9,dwarf,3,300
perfect,greedy,9,archmage,0,300
perfect,greedy,10,player,89,300
perfect,greedy,10,orc,0,300
perfect,greedy,10,goblin,0,300
perfect,greedy,10,dwarf,3,300
perfect,greedy,10,archmage,0,300
perfect,greedy,11,player,89,300
perfect,greedy,11,orc,0,300
perfect,greedy,11,goblin,0,300
perfect,greedy,11,dwarf,3,300
perfect,greedy,11,archmage,0,300
perfect,greedy,12,player,89,300
perfect,greedy,12,orc,0,300
perfect,greedy,12,goblin,0,300
perfect,greedy,12,dwarf,0,300
perfect,greedy,12,archmage,0,300
perfect,greedy,13,player,89,300
perfect,greedy,13,orc,0,300
perfect,greedy,13,goblin,0,300
perfect,greedy,13,dwarf,0,300
perfect,greedy,13,archmage,0,300
perfect,greedy,14,player,89,300
perfect,greedy,14,orc,0,300
perfect,greedy,14,goblin,0,300
perfect,greedy,14,dwarf,0,300
perfect,greedy,14,archmage,0,300
perfect,greedy,15,player,89,300
perfect,greedy,15,orc,0,300
perfect,greedy,15,goblin,0,300
perfect,greedy,15,dwarf,0,300
perfect,greedy,15,archmage,0,300
perfect,greedy,16,player,89,300
perfect,greedy,16,orc,0,300
perfect,greedy,16,goblin,0,300
perfect,greedy,16,dwarf,0,300
perfect,greedy,16,archmage,0,300
perfect,greedy,17,player,89,300
perfect,greedy,17,orc,0,300
perfect,greedy,17,goblin,0,300
perfect,greedy,17,dwarf,0,300
perfect,greedy,17,archmage,0,300
perfect,greedy,18,player,89,300
perfect,greedy,18,orc,0,300
perfect,greedy,18,goblin,0,300
perfect,greedy,18,dwarf,0,300
perfect,greedy,18,archmage,0,300
perfect,smarter,1,player,11,300
perfect,smarter,1,orc,6,300
perfect,smarter,1,goblin,6,300
perfect,smarter,1,dwarf,6,300
perfect,smarter,1,archmage,6,300
perfect,smarter,2,player,25,300
perfect,smarter,2,orc,6,300
perfect,smarter,2,goblin,6,300
perfect,smarter,2,dwarf,6,300
perfect,smarter,2,archmage,6,300
perfect,smarter,3,player,45,300
perfect,smarter,3,orc,6,300
perfect,smarter,3,goblin,6,300
perfect,smarter,3,dwarf,6,300
perfect,smarter,3,archmage,6,300
perfect,smarter,4,player,52,300
perfect,smarter,4,orc,6,300
perfect,smarter,4,goblin,6,300
perfect,smarter,4,dwarf,6,300
perfect,smarter,4,archmage,6,300
perfect,smarter,5,player,74,300
perfect,smarter,5,orc,6,300
perfect,smarter,5,goblin,5,300
perfect,smarter,5,dwarf,6,300
perfect,smarter,5,archmage,5,300
perfect,smarter,6,player,85,300
perfect,smarter,6,orc,3,300
perfect,smarter,6,goblin,3,300
perfect,smarter,6,dwarf,5,300
perfect,smarter,6,archmage,3,300
perfect,smarter,7,player,89,300
perfect,smarter,7,orc,3,300
perfect,smarter,7,goblin,3,300
perfect,smarter,7,dwarf,3,300
perfect,smarter,7,archmage,3,300
perfect,smarter,8,player,89,300
perfect,smarter,8,orc,3,300
perfect,smarter,8,goblin,3,300
perfect,smarter,8,dwarf,3,300
perfect,smarter,8,archmage,3,300
perfect,smarter,9,player,89,300
perfect,smarter,9,orc,3,300
perfect,smarter,9,goblin,3,300
perfect,smarter,9,dwarf,3,300
perfect,smarter,9,archmage,0,300
perfect,smarter,10,player,89,300
perfect,smarter,10,orc,0,300
perfect,smarter,10,goblin,3,300
perfect,smarter,10,dwarf,3,300
perfect,smarter,10,archmage,0,300
perfect,smarter,11,player,89,300
perfect,smarter,11,orc,0,300
perfect,smarter,11,goblin,3,300
perfect,smarter,11,dwarf,3,300
perfect,smarter,11,archmage,0,300
perfect,smarter,12,player,89,300
perfect,smarter,12,orc,0,300
perfect,smarter,12,goblin,3,300
perfect,smarter,12,dwarf,0,300
perfect,smarter,12,archmage,0,300
perfect,smarter,13,player,89,300
perfect,smarter,13,orc,0,300
perfect,smarter,13,goblin,3,300
perfect,smarter,13,dwarf,0,300
perfect,smarter,13,archmage,0,300
perfect,smarter,14,player,89,300
perfect,smarter,14,orc,0,300
perfect,smarter,14,goblin,3,300
perfect,smarter,14,dwarf,0,300
perfect,smarter,14,archmage,0,300
perfect,smarter,15,player,89,300
perfect,smarter,15,orc,0,300
perfect,smarter,15,goblin,3,300
perfect,smarter,15,dwarf,0,300
perfect,smarter,15,archmage,0,300
perfect,smarter,16,player,89,300
perfect,smarter,16,orc,0,300
perfect,smarter,16,goblin,3,300
perfect,smarter,16,dwarf,0,300
perfect,smarter,16,archmage,0,300
perfect,smarter,17,player,89,300
perfect,smarter,17,orc,0,300
perfect,smarter,17,goblin,3,300
perfect,smarter,17,dwarf,0,300
perfect,smarter,17,archmage,0,300
perfect,smarter,18,player,89,300
perfect,smarter,18,orc,0,300
perfect,smarter,18,goblin,3,300
perfect,smarter,18,dwarf,0,300
perfect,smarter,18,archmage,0,300
perfect,push,1,player,25,50
perfect,push,1,orc,6,50
perfect,push,1,goblin,6,50
perfect,push,1,dwarf,6,50
perfect,push,1,archmage,6,50
perfect,push,2,player,45,50
perfect,push,2,orc,6,50
perfect,push,2,goblin,6,50
perfect,push,2,dwarf,6,50
perfect,push,2,archmage,6,50
perfect,push,3,player,56,50
perfect,push,3,orc,5,50
perfect,push,3,goblin,5,50
perfect,push,3,dwarf,6,50
perfect,push,3,archmage,6,50
perfect,push,4,player,69.5,50
perfect,push,4,orc,5,50
perfect,push,4,goblin,5,50
perfect,push,4,dwarf,6,50
perfect,push,4,archmage,6,50
perfect,push,5,player,87,50
perfect,push,5,orc,3,50
perfect,push,5,goblin,3,50
perfect,push,5,dwarf,4,50
perfect,push,5,archmage,3,50
perfect,push,6,player,89,50
perfect,push,6,orc,3,50
perfect,push,6,goblin,3,50
perfect,push,6,dwarf,3,50
perfect,push,6,archmage,0,50
perfect,push,7,player,89,50
perfect,push,7,orc,3,50
perfect,push,7,goblin,3,50
perfect,push,7,dwarf,3,50
perfect,push,7,archmage,0,50
perfect,push,8,player,89,50
perfect,push,8,orc,3,50
perfect,push,8,goblin,0,50
perfect,push,8,dwarf,3,50
perfect,push,8,archmage,0,50
perfect,push,9,player,89,50
perfect,push,9,orc,1.5,50
perfect,push,9,goblin,0,50
perfect,push,9,dwarf,3,50
perfect,push,9,archmage,0,50
perfect,push,10,player,89,50
perfect,push,10,orc,0,50
perfect,push,10,goblin,0,50
perfect,push,10,dwarf,3,50
perfect,push,10,archmage,0,50
perfect,push,11,player,89,50
perfect,push,11,orc,0,50
perfect,push,11,goblin,0,50
perfect,push,11,dwarf,3,50
perfect,push,11,archmage,0,50
perfect,push,12,player,89,50
perfect,push,12,orc,0,50
perfect,push,12,goblin,0,50
perfect,push,12,dwarf,0,50
perfect,push,12,archmage,0,50
perfect,push,13,player,89,50
perfect,push,13,orc,0,50
perfect,push,13,goblin,0,50
perfect,push,13,dwarf,0,50
perfect,push,13,archmage,0,50
perfect,push,14,player,89,50
perfect,push,14,orc,0,50
perfect,push,14,goblin,0,50
perfect,push,14,dwarf,0,50
perfect,push,14,archmage,0,50
perfect,push,15,player,89,50
perfect,push,15,orc,0,50
perfect,push,15,goblin,0,50
perfect,push,15,dwarf,0,50
perfect,push,15,archmage,0,50
perfect,push,16,player,89,50
perfect,push,16,orc,0,50
perfect,push,16,goblin,0,50
perfect,push,16,dwarf,0,50
perfect,push,16,archmage,0,50
perfect,push,17,player,89,50
perfect,push,17,orc,0,50
perfect,push,17,goblin,0,50
perfect,push,17,dwarf,0,50
perfect,push,17,archmage,0,50
perfect,push,18,player,89,50
perfect,push,18,orc,0,50
perfect,push,18,goblin,0,50
perfect,push,18,dwarf,0,50
perfect,push,18,archmage,0,50
steadfast,greedy,1,player,11,300
steadfast,greedy,1,orc,6,300
steadfast,greedy,1,goblin,6,300
steadfast,greedy,1,dwarf,6,300
steadfast,greedy,1,archmage,6,300
steadfast,greedy,2,player,18,300
steadfast,greedy,2,orc,6,300
steadfast,greedy,2,goblin,6,300
steadfast,greedy,2,dwarf,6,300
steadfast,greedy,2,archmage,6,300
steadfast,greedy,3,player,41,300
steadfast,greedy,3,orc,6,300
steadfast,greedy,3,goblin,6,300
steadfast,greedy,3,dwarf,6,300
steadfast,greedy,3,archmage,6,300
steadfast,greedy,4,player,45,300
steadfast,greedy,4,orc,6,300
steadfast,greedy,4,goblin,6,300
steadfast,greedy,4,dwarf,6,300
steadfast,greedy,4,archmage,6,300
steadfast,greedy,5,player,57,300
steadfast,greedy,5,orc,7,300
steadfast,greedy,5,goblin,6,300
steadfast,greedy,5,dwarf,6,300
steadfast,greedy,5,archmage,6,300
steadfast,greedy,6,player,65,300
steadfast,greedy,6,orc,6,300
steadfast,greedy,6,goblin,5,300
steadfast,greedy,6,dwarf,6,300
steadfast,greedy,6,archmage,5,300
steadfast,greedy,7,player,84,300
steadfast,greedy,7,orc,4,300
steadfast,greedy,7,goblin,4,300
steadfast,greedy,7,dwarf,6,300
steadfast,greedy,7,archmage,3,300
steadfast,greedy,8,player,87,300
steadfast,greedy,8,orc,3,300
steadfast,greedy,8,goblin,3,300
steadfast,greedy,8,dwarf,4,300
steadfast,greedy,8,archmage,0,300
steadfast,greedy,9,player,89,300
steadfast,greedy,9,orc,3,300
steadfast,greedy,9,goblin,3,300
steadfast,greedy,9,dwarf,3,300
steadfast,greedy,9,archmage,0,300
steadfast,greedy,10,player,89,300
steadfast,greedy,10,orc,3,300
steadfast,greedy,10,goblin,0,300
steadfast,greedy,10,dwarf,3,300
steadfast,greedy,10,archmage,0,300
steadfast,greedy,11,player,89,300
steadfast,greedy,11,orc,0,300
steadfast,greedy,11,goblin,0,300
steadfast,greedy,11,dwarf,3,300
steadfast,greedy,11,archmage,0,300
steadfast,greedy,12,player,89,300
steadfast,greedy,12,orc,0,300
steadfast,greedy,12,goblin,0,300
steadfast,greedy,12,dwarf,3,300
steadfast,greedy,12,archmage,0,300
steadfast,greedy,13,player,89,300
steadfast,greedy,13,orc,0,300
steadfast,greedy,13,goblin,0,300
steadfast,greedy,13,dwarf,0,300
steadfast,greedy,13,archmage,0,300
steadfast,greedy,14,player,89,300
steadfast,greedy,14,orc,0,300
steadfast,greedy,14,goblin,0,300
steadfast,greedy,14,dwarf,0,300
steadfast,greedy,14,archmage,0,300
steadfast,greedy,15,player,89,300
steadfast,greedy,15,orc,0,300
steadfast,greedy,15,goblin,0,300
steadfast,greedy,15,dwarf,0,300
steadfast,greedy,15,archmage,0,300
steadfast,greedy,16,player,89,300
steadfast,greedy,16,orc,0,300
steadfast,greedy,16,goblin,0,300
steadfast,greedy,16,dwarf,0,300
steadfast,greedy,16,archmage,0,300
steadfast,greedy,17,player,89,300
steadfast,greedy,17,orc,0,300
steadfast,greedy,17,goblin,0,300
steadfast,greedy,17,dwarf,0,300
steadfast,greedy,17,archmage,0,300
steadfast,greedy,18,player,89,300
steadfast,greedy,18,orc,0,300
steadfast,greedy,18,goblin,0,300
steadfast,greedy,18,dwarf,0,300
steadfast,greedy,18,archmage,0,300
steadfast,smarter,1,player,11,300
steadfast,smarter,1,orc,6,300
steadfast,smarter,1,goblin,6,300
steadfast,smarter,1,dwarf,6,300
steadfast,smarter,1,archmage,6,300
steadfast,smarter,2,player,18,300
steadfast,smarter,2,orc,6,300
steadfast,smarter,2,goblin,6,300
steadfast,smarter,2,dwarf,6,300
steadfast,smarter,2,archmage,6,300
steadfast,smarter,3,player,41,300
steadfast,smarter,3,orc,6,300
steadfast,smarter,3,goblin,6,300
steadfast,smarter,3,dwarf,6,300
steadfast,smarter,3,archmage,6,300
steadfast,smarter,4,player,44,300
steadfast,smarter,4,orc,6,300
steadfast,smarter,4,goblin,6,300
steadfast,smarter,4,dwarf,6,300
steadfast,smarter,4,archmage,6,300
steadfast,smarter,5,player,51.5,300
steadfast,smarter,5,orc,7,300
steadfast,smarter,5,goblin,6,300
steadfast,smarter,5,dwarf,6,300
steadfast,smarter,5,archmage,6,300
steadfast,smarter,6,player,64,300
steadfast,smarter,6,orc,6,300
steadfast,smarter,6,goblin,6,300
steadfast,smarter,6,dwarf,6,300
steadfast,smarter,6,archmage,6,300
steadfast,smarter,7,player,84,300
steadfast,smarter,7,orc,4,300
steadfast,smarter,7,goblin,4,300
steadfast,smarter,7,dwarf,6,300
steadfast,smarter,7,archmage,3,300
steadfast,smarter,8,player,88.5,300
steadfast,smarter,8,orc,3,300
steadfast,smarter,8,goblin,3,300
steadfast,smarter,8,dwarf,3,300
steadfast,smarter,8,archmage,3,300
steadfast,smarter,9,player,89,300
steadfast,smarter,9,orc,3,300
steadfast,smarter,9,goblin,3,300
steadfast,smarter,9,dwarf,3,300
steadfast,smarter,9,archmage,0,300
steadfast,smarter,10,player,89,300
steadfast,smarter,10,orc,3,300
steadfast,smarter,10,goblin,0,300
steadfast,smarter,10,dwarf,3,300
steadfast,smarter,10,archmage,0,300
steadfast,smarter,11,player,89,300
steadfast,smarter,11,orc,3,300
steadfast,smarter,11,goblin,0,300
steadfast,smarter,11,dwarf,3,300
steadfast,smarter,11,archmage,0,300
steadfast,smarter,12,player,89,300
steadfast,smarter,12,orc,3,300
steadfast,smarter,12,goblin,0,300
steadfast,smarter,12,dwarf,3,300
steadfast,smarter,12,archmage,0,300
steadfast,smarter,13,player,89,300
steadfast,smarter,13,orc,3,300
steadfast,smarter,13,goblin,0,300
steadfast,smarter,13,dwarf,3,300
steadfast,smarter,13,archmage,0,300
steadfast,smarter,14,player,89,300
steadfast,smarter,14,orc,0,300
steadfast,smarter,14,goblin,0,300
steadfast,smarter,14,dwarf,3,300
steadfast,smarter,14,archmage,0,300
steadfast,smarter,15,player,89,300
steadfast,smarter,15,orc,0,300
steadfast,smarter,15,goblin,0,300
steadfast,smarter,15,dwarf,3,300
steadfast,smarter,15,archmage,0,300
steadfast,smarter,16,player,89,300
steadfast,smarter,16,orc,0,300
steadfast,smarter,16,goblin,0,300
steadfast,smarter,16,dwarf,3,300
steadfast,smarter,16,archmage,0,300
steadfast,smarter,17,player,89,300
steadfast,smarter,17,orc,0,300
steadfast,smarter,17,goblin,0,300
steadfast,smarter,17,dwarf,3,300
steadfast,smarter,17,archmage,0,300
steadfast,smarter,18,player,89,300
steadfast,smarter,18,orc,0,300
steadfast,smarter,18,goblin,0,300
steadfast,smarter,18,dwarf,3,300
steadfast,smarter,18,archmage,0,300
steadfast,push,1,player,20,50
steadfast,push,1,orc,6,50
steadfast,push,1,goblin,6,50
steadfast,push,1,dwarf,6,50
steadfast,push,1,archmage,6,50
steadfast,push,2,player,40,50
steadfast,push,2,orc,6,50
steadfast,push,2,goblin,6,50
steadfast,push,2,dwarf,6,50
steadfast,push,2,archmage,6,50
steadfast,push,3,player,48,50
steadfast,push,3,orc,6,50
steadfast,push,3,goblin,6,50
steadfast,push,3,dwarf,6,50
steadfast,push,3,archmage,6,50
steadfast,push,4,player,60,50
steadfast,push,4,orc,6,50
steadfast,push,4,goblin,5,50
steadfast,push,4,dwarf,6,50
steadfast,push,4,archmage,6,50
steadfast,push,5,player,73,50
steadfast,push,5,orc,5,50
steadfast,push,5,goblin,5,50
steadfast,push,5,dwarf,6,50
steadfast,push,5,archmage,5,50
steadfast,push,6,player,87,50
steadfast,push,6,orc,3,50
steadfast,push,6,goblin,3,50
steadfast,push,6,dwarf,4,50
steadfast,push,6,archmage,0,50
steadfast,push,7,player,89,50
steadfast,push,7,orc,3,50
steadfast,push,7,goblin,3,50
steadfast,push,7,dwarf,3,50
steadfast,push,7,archmage,0,50
steadfast,push,8,player,89,50
steadfast,push,8,orc,3,50
steadfast,push,8,goblin,0,50
steadfast,push,8,dwarf,3,50
steadfast,push,8,archmage,0,50
steadfast,push,9,player,89,50
steadfast,push,9,orc,0,50
steadfast,push,9,goblin,0,50
steadfast,push,9,dwarf,3,50
steadfast,push,9,archmage,0,50
steadfast,push,10,player,89,50
steadfast,push,10,orc,0,50
steadfast,push,10,goblin,0,50
steadfast,push,10,dwarf,3,50
steadfast,push,10,archmage,0,50
steadfast,push,11,player,89,50
steadfast,push,11,orc,0,50
steadfast,push,11,goblin,0,50
steadfast,push,11,dwarf,3,50
steadfast,push,11,archmage,0,50
steadfast,push,12,player,89,50
steadfast,push,12,orc,0,50
steadfast,push,12,goblin,0,50
steadfast,push,12,dwarf,0,50
steadfast,push,12,archmage,0,50
steadfast,push,13,player,89,50
steadfast,push,13,orc,0,50
steadfast,push,13,goblin,0,50
steadfast,push,13,dwarf,0,50
steadfast,push,13,archmage,0,50
steadfast,push,14,player,89,50
steadfast,push,14,orc,0,50
steadfast,push,14,goblin,0,50
steadfast,push,14,dwarf,0,50
steadfast,push,14,archmage,0,50
steadfast,push,15,player,89,50
steadfast,push,15,orc,0,50
steadfast,push,15,goblin,0,50
steadfast,push,15,dwarf,0,50
steadfast,push,15,archmage,0,50
steadfast,push,16,player,89,50
steadfast,push,16,orc,0,50
steadfast,push,16,goblin,0,50
steadfast,push,16,dwarf,0,50
steadfast,push,16,archmage,0,50
steadfast,push,17,player,89,50
steadfast,push,17,orc,0,50
steadfast,push,17,goblin,0,50
steadfast,push,17,dwarf,0,50
steadfast,push,17,archmage,0,50
steadfast,push,18,player,89,50
steadfast,push,18,orc,0,50
steadfast,push,18,goblin,0,50
steadfast,push,18,dwarf,0,50
steadfast,push,18,archmage,0,50
steadfastPlateau,greedy,1,player,11,300
steadfastPlateau,greedy,1,orc,6,300
steadfastPlateau,greedy,1,goblin,6,300
steadfastPlateau,greedy,1,dwarf,6,300
steadfastPlateau,greedy,1,archmage,6,300
steadfastPlateau,greedy,2,player,18,300
steadfastPlateau,greedy,2,orc,6,300
steadfastPlateau,greedy,2,goblin,6,300
steadfastPlateau,greedy,2,dwarf,6,300
steadfastPlateau,greedy,2,archmage,6,300
steadfastPlateau,greedy,3,player,41,300
steadfastPlateau,greedy,3,orc,6,300
steadfastPlateau,greedy,3,goblin,6,300
steadfastPlateau,greedy,3,dwarf,6,300
steadfastPlateau,greedy,3,archmage,6,300
steadfastPlateau,greedy,4,player,45,300
steadfastPlateau,greedy,4,orc,6,300
steadfastPlateau,greedy,4,goblin,6,300
steadfastPlateau,greedy,4,dwarf,6,300
steadfastPlateau,greedy,4,archmage,6,300
steadfastPlateau,greedy,5,player,57,300
steadfastPlateau,greedy,5,orc,7,300
steadfastPlateau,greedy,5,goblin,6,300
steadfastPlateau,greedy,5,dwarf,6,300
steadfastPlateau,greedy,5,archmage,6,300
steadfastPlateau,greedy,6,player,65,300
steadfastPlateau,greedy,6,orc,6,300
steadfastPlateau,greedy,6,goblin,5,300
steadfastPlateau,greedy,6,dwarf,6,300
steadfastPlateau,greedy,6,archmage,5,300
steadfastPlateau,greedy,7,player,84,300
steadfastPlateau,greedy,7,orc,4,300
steadfastPlateau,greedy,7,goblin,4,300
steadfastPlateau,greedy,7,dwarf,6,300
steadfastPlateau,greedy,7,archmage,3.5,300
steadfastPlateau,greedy,8,player,87,300
steadfastPlateau,greedy,8,orc,3,300
steadfastPlateau,greedy,8,goblin,3,300
steadfastPlateau,greedy,8,dwarf,4,300
steadfastPlateau,greedy,8,archmage,0,300
steadfastPlateau,greedy,9,player,89,300
steadfastPlateau,greedy,9,orc,3,300
steadfastPlateau,greedy,9,goblin,3,300
steadfastPlateau,greedy,9,dwarf,3,300
steadfastPlateau,greedy,9,archmage,0,300
steadfastPlateau,greedy,10,player,89,300
steadfastPlateau,greedy,10,orc,3,300
steadfastPlateau,greedy,10,goblin,0,300
steadfastPlateau,greedy,10,dwarf,3,300
steadfastPlateau,greedy,10,archmage,0,300
steadfastPlateau,greedy,11,player,89,300
steadfastPlateau,greedy,11,orc,0,300
steadfastPlateau,greedy,11,goblin,0,300
steadfastPlateau,greedy,11,dwarf,3,300
steadfastPlateau,greedy,11,archmage,0,300
steadfastPlateau,greedy,12,player,89,300
steadfastPlateau,greedy,12,orc,0,300
steadfastPlateau,greedy,12,goblin,0,300
steadfastPlateau,greedy,12,dwarf,3,300
steadfastPlateau,greedy,12,archmage,0,300
steadfastPlateau,greedy,13,player,89,300
steadfastPlateau,greedy,13,orc,0,300
steadfastPlateau,greedy,13,goblin,0,300
steadfastPlateau,greedy,13,dwarf,3,300
steadfastPlateau,greedy,13,archmage,0,300
steadfastPlateau,greedy,14,player,89,300
steadfastPlateau,greedy,14,orc,0,300
steadfastPlateau,greedy,14,goblin,0,300
steadfastPlateau,greedy,14,dwarf,0,300
steadfastPlateau,greedy,14,archmage,0,300
steadfastPlateau,greedy,15,player,89,300
steadfastPlateau,greedy,15,orc,0,300
steadfastPlateau,greedy,15,goblin,0,300
steadfastPlateau,greedy,15,dwarf,0,300
steadfastPlateau,greedy,15,archmage,0,300
steadfastPlateau,greedy,16,player,89,300
steadfastPlateau,greedy,16,orc,0,300
steadfastPlateau,greedy,16,goblin,0,300
steadfastPlateau,greedy,16,dwarf,0,300
steadfastPlateau,greedy,16,archmage,0,300
steadfastPlateau,greedy,17,player,89,300
steadfastPlateau,greedy,17,orc,0,300
steadfastPlateau,greedy,17,goblin,0,300
steadfastPlateau,greedy,17,dwarf,0,300
steadfastPlateau,greedy,17,archmage,0,300
steadfastPlateau,greedy,18,player,89,300
steadfastPlateau,greedy,18,orc,0,300
steadfastPlateau,greedy,18,goblin,0,300
steadfastPlateau,greedy,18,dwarf,0,300
steadfastPlateau,greedy,18,archmage,0,300
steadfastPlateau,smarter,1,player,11,300
steadfastPlateau,smarter,1,orc,6,300
steadfastPlateau,smarter,1,goblin,6,300
steadfastPlateau,smarter,1,dwarf,6,300
steadfastPlateau,smarter,1,archmage,6,300
steadfastPlateau,smarter,2,player,18,300
steadfastPlateau,smarter,2,orc,6,300
steadfastPlateau,smarter,2,goblin,6,300
steadfastPlateau,smarter,2,dwarf,6,300
steadfastPlateau,smarter,2,archmage,6,300
steadfastPlateau,smarter,3,player,41,300
steadfastPlateau,smarter,3,orc,6,300
steadfastPlateau,smarter,3,goblin,6,300
steadfastPlateau,smarter,3,dwarf,6,300
steadfastPlateau,smarter,3,archmage,6,300
steadfastPlateau,smarter,4,player,44,300
steadfastPlateau,smarter,4,orc,6,300
steadfastPlateau,smarter,4,goblin,6,300
steadfastPlateau,smarter,4,dwarf,6,300
steadfastPlateau,smarter,4,archmage,6,300
steadfastPlateau,smarter,5,player,51,300
steadfastPlateau,smarter,5,orc,7,300
steadfastPlateau,smarter,5,goblin,6,300
steadfastPlateau,smarter,5,dwarf,6,300
steadfastPlateau,smarter,5,archmage,6,300
steadfastPlateau,smarter,6,player,64,300
steadfastPlateau,smarter,6,orc,6,300
steadfastPlateau,smarter,6,goblin,6,300
steadfastPlateau,smarter,6,dwarf,6,300
steadfastPlateau,smarter,6,archmage,6,300
steadfastPlateau,smarter,7,player,84,300
steadfastPlateau,smarter,7,orc,4,300
steadfastPlateau,smarter,7,goblin,4,300
steadfastPlateau,smarter,7,dwarf,6,300
steadfastPlateau,smarter,7,archmage,3,300
steadfastPlateau,smarter,8,player,88,300
steadfastPlateau,smarter,8,orc,3,300
steadfastPlateau,smarter,8,goblin,3,300
steadfastPlateau,smarter,8,dwarf,4,300
steadfastPlateau,smarter,8,archmage,3,300
steadfastPlateau,smarter,9,player,89,300
steadfastPlateau,smarter,9,orc,3,300
steadfastPlateau,smarter,9,goblin,3,300
steadfastPlateau,smarter,9,dwarf,3,300
steadfastPlateau,smarter,9,archmage,0,300
steadfastPlateau,smarter,10,player,89,300
steadfastPlateau,smarter,10,orc,3,300
steadfastPlateau,smarter,10,goblin,0,300
steadfastPlateau,smarter,10,dwarf,3,300
steadfastPlateau,smarter,10,archmage,0,300
steadfastPlateau,smarter,11,player,89,300
steadfastPlateau,smarter,11,orc,3,300
steadfastPlateau,smarter,11,goblin,0,300
steadfastPlateau,smarter,11,dwarf,3,300
steadfastPlateau,smarter,11,archmage,0,300
steadfastPlateau,smarter,12,player,89,300
steadfastPlateau,smarter,12,orc,3,300
steadfastPlateau,smarter,12,goblin,0,300
steadfastPlateau,smarter,12,dwarf,3,300
steadfastPlateau,smarter,12,archmage,0,300
steadfastPlateau,smarter,13,player,89,300
steadfastPlateau,smarter,13,orc,3,300
steadfastPlateau,smarter,13,goblin,0,300
steadfastPlateau,smarter,13,dwarf,3,300
steadfastPlateau,smarter,13,archmage,0,300
steadfastPlateau,smarter,14,player,89,300
steadfastPlateau,smarter,14,orc,0,300
steadfastPlateau,smarter,14,goblin,0,300
steadfastPlateau,smarter,14,dwarf,3,300
steadfastPlateau,smarter,14,archmage,0,300
steadfastPlateau,smarter,15,player,89,300
steadfastPlateau,smarter,15,orc,0,300
steadfastPlateau,smarter,15,goblin,0,300
steadfastPlateau,smarter,15,dwarf,3,300
steadfastPlateau,smarter,15,archmage,0,300
steadfastPlateau,smarter,16,player,89,300
steadfastPlateau,smarter,16,orc,0,300
steadfastPlateau,smarter,16,goblin,0,300
steadfastPlateau,smarter,16,dwarf,3,300
steadfastPlateau,smarter,16,archmage,0,300
steadfastPlateau,smarter,17,player,89,300
steadfastPlateau,smarter,17,orc,0,300
steadfastPlateau,smarter,17,goblin,0,300
steadfastPlateau,smarter,17,dwarf,3,300
steadfastPlateau,smarter,17,archmage,0,300
steadfastPlateau,smarter,18,player,89,300
steadfastPlateau,smarter,18,orc,0,300
steadfastPlateau,smarter,18,goblin,0,300
steadfastPlateau,smarter,18,dwarf,3,300
steadfastPlateau,smarter,18,archmage,0,300
steadfastPlateau,push,1,player,20,50
steadfastPlateau,push,1,orc,6,50
steadfastPlateau,push,1,goblin,6,50
steadfastPlateau,push,1,dwarf,6,50
steadfastPlateau,push,1,archmage,6,50
steadfastPlateau,push,2,player,40,50
steadfastPlateau,push,2,orc,6,50
steadfastPlateau,push,2,goblin,6,50
steadfastPlateau,push,2,dwarf,6,50
steadfastPlateau,push,2,archmage,6,50
steadfastPlateau,push,3,player,48,50
steadfastPlateau,push,3,orc,6,50
steadfastPlateau,push,3,goblin,6,50
steadfastPlateau,push,3,dwarf,6,50
steadfastPlateau,push,3,archmage,6,50
steadfastPlateau,push,4,player,60,50
steadfastPlateau,push,4,orc,6,50
steadfastPlateau,push,4,goblin,5,50
steadfastPlateau,push,4,dwarf,6,50
steadfastPlateau,push,4,archmage,6,50
steadfastPlateau,push,5,player,71.5,50
steadfastPlateau,push,5,orc,5,50
steadfastPlateau,push,5,goblin,5,50
steadfastPlateau,push,5,dwarf,6,50
steadfastPlateau,push,5,archmage,5,50
steadfastPlateau,push,6,player,87,50
steadfastPlateau,push,6,orc,3,50
steadfastPlateau,push,6,goblin,3,50
steadfastPlateau,push,6,dwarf,5,50
steadfastPlateau,push,6,archmage,0,50
steadfastPlateau,push,7,player,89,50
steadfastPlateau,push,7,orc,3,50
steadfastPlateau,push,7,goblin,3,50
steadfastPlateau,push,7,dwarf,3,50
steadfastPlateau,push,7,archmage,0,50
steadfastPlateau,push,8,player,89,50
steadfastPlateau,push,8,orc,3,50
steadfastPlateau,push,8,goblin,0,50
steadfastPlateau,push,8,dwarf,3,50
steadfastPlateau,push,8,archmage,0,50
steadfastPlateau,push,9,player,89,50
steadfastPlateau,push,9,orc,1.5,50
steadfastPlateau,push,9,goblin,0,50
steadfastPlateau,push,9,dwarf,3,50
steadfastPlateau,push,9,archmage,0,50
steadfastPlateau,push,10,player,89,50
steadfastPlateau,push,10,orc,0,50
steadfastPlateau,push,10,goblin,0,50
steadfastPlateau,push,10,dwarf,3,50
steadfastPlateau,push,10,archmage,0,50
steadfastPlateau,push,11,player,89,50
steadfastPlateau,push,11,orc,0,50
steadfastPlateau,push,11,goblin,0,50
steadfastPlateau,push,11,dwarf,3,50
steadfastPlateau,push,11,archmage,0,50
steadfastPlateau,push,12,player,89,50
steadfastPlateau,push,12,orc,0,50
steadfastPlateau,push,12,goblin,0,50
steadfastPlateau,push,12,dwarf,0,50
steadfastPlateau,push,12,archmage,0,50
steadfastPlateau,push,13,player,89,50
steadfastPlateau,push,13,orc,0,50
steadfastPlateau,push,13,goblin,0,50
steadfastPlateau,push,13,dwarf,0,50
steadfastPlateau,push,13,archmage,0,50
steadfastPlateau,push,14,player,89,50
steadfastPlateau,push,14,orc,0,50
steadfastPlateau,push,14,goblin,0,50
steadfastPlateau,push,14,dwarf,0,50
steadfastPlateau,push,14,archmage,0,50
steadfastPlateau,push,15,player,89,50
steadfastPlateau,push,15,orc,0,50
steadfastPlateau,push,15,goblin,0,50
steadfastPlateau,push,15,dwarf,0,50
steadfastPlateau,push,15,archmage,0,50
steadfastPlateau,push,16,player,89,50
steadfastPlateau,push,16,orc,0,50
steadfastPlateau,push,16,goblin,0,50
steadfastPlateau,push,16,dwarf,0,50
steadfastPlateau,push,16,archmage,0,50
steadfastPlateau,push,17,player,89,50
steadfastPlateau,push,17,orc,0,50
steadfastPlateau,push,17,goblin,0,50
steadfastPlateau,push,17,dwarf,0,50
steadfastPlateau,push,17,archmage,0,50
steadfastPlateau,push,18,player,89,50
steadfastPlateau,push,18,orc,0,50
steadfastPlateau,push,18,goblin,0,50
steadfastPlateau,push,18,dwarf,0,50
steadfastPlateau,push,18,archmage,0,50
committed,greedy,1,player,11,300
committed,greedy,1,orc,6,300
committed,greedy,1,goblin,6,300
committed,greedy,1,dwarf,6,300
committed,greedy,1,archmage,6,300
committed,greedy,2,player,11,300
committed,greedy,2,orc,6,300
committed,greedy,2,goblin,6,300
committed,greedy,2,dwarf,6,300
committed,greedy,2,archmage,6,300
committed,greedy,3,player,11,300
committed,greedy,3,orc,6,300
committed,greedy,3,goblin,6,300
committed,greedy,3,dwarf,6,300
committed,greedy,3,archmage,6,300
committed,greedy,4,player,11,300
committed,greedy,4,orc,6,300
committed,greedy,4,goblin,6,300
committed,greedy,4,dwarf,6,300
committed,greedy,4,archmage,6,300
committed,greedy,5,player,11,300
committed,greedy,5,orc,8,300
committed,greedy,5,goblin,6,300
committed,greedy,5,dwarf,6,300
committed,greedy,5,archmage,6,300
committed,greedy,6,player,11,300
committed,greedy,6,orc,11,300
committed,greedy,6,goblin,6,300
committed,greedy,6,dwarf,8,300
committed,greedy,6,archmage,6,300
committed,greedy,7,player,11,300
committed,greedy,7,orc,14,300
committed,greedy,7,goblin,7,300
committed,greedy,7,dwarf,12,300
committed,greedy,7,archmage,6,300
committed,greedy,8,player,18,300
committed,greedy,8,orc,16,300
committed,greedy,8,goblin,8,300
committed,greedy,8,dwarf,14,300
committed,greedy,8,archmage,7,300
committed,greedy,9,player,31,300
committed,greedy,9,orc,17,300
committed,greedy,9,goblin,8,300
committed,greedy,9,dwarf,15,300
committed,greedy,9,archmage,8,300
committed,greedy,10,player,38,300
committed,greedy,10,orc,15,300
committed,greedy,10,goblin,7,300
committed,greedy,10,dwarf,15,300
committed,greedy,10,archmage,7,300
committed,greedy,11,player,43,300
committed,greedy,11,orc,15,300
committed,greedy,11,goblin,6,300
committed,greedy,11,dwarf,14,300
committed,greedy,11,archmage,7,300
committed,greedy,12,player,46.5,300
committed,greedy,12,orc,14,300
committed,greedy,12,goblin,4,300
committed,greedy,12,dwarf,12,300
committed,greedy,12,archmage,6,300
committed,greedy,13,player,48.5,300
committed,greedy,13,orc,12,300
committed,greedy,13,goblin,3,300
committed,greedy,13,dwarf,12,300
committed,greedy,13,archmage,6,300
committed,greedy,14,player,72,300
committed,greedy,14,orc,6,300
committed,greedy,14,goblin,3,300
committed,greedy,14,dwarf,11,300
committed,greedy,14,archmage,6,300
committed,greedy,15,player,87,300
committed,greedy,15,orc,4,300
committed,greedy,15,goblin,0,300
committed,greedy,15,dwarf,4,300
committed,greedy,15,archmage,3,300
committed,greedy,16,player,89,300
committed,greedy,16,orc,3,300
committed,greedy,16,goblin,0,300
committed,greedy,16,dwarf,3,300
committed,greedy,16,archmage,0,300
committed,greedy,17,player,89,300
committed,greedy,17,orc,1.5,300
committed,greedy,17,goblin,0,300
committed,greedy,17,dwarf,3,300
committed,greedy,17,archmage,0,300
committed,greedy,18,player,89,300
committed,greedy,18,orc,0,300
committed,greedy,18,goblin,0,300
committed,greedy,18,dwarf,3,300
committed,greedy,18,archmage,0,300
committed,smarter,1,player,11,300
committed,smarter,1,orc,6,300
committed,smarter,1,goblin,6,300
committed,smarter,1,dwarf,6,300
committed,smarter,1,archmage,6,300
committed,smarter,2,player,11,300
committed,smarter,2,orc,6,300
committed,smarter,2,goblin,6,300
committed,smarter,2,dwarf,6,300
committed,smarter,2,archmage,6,300
committed,smarter,3,player,11,300
committed,smarter,3,orc,6,300
committed,smarter,3,goblin,6,300
committed,smarter,3,dwarf,6,300
committed,smarter,3,archmage,6,300
committed,smarter,4,player,11,300
committed,smarter,4,orc,6,300
committed,smarter,4,goblin,6,300
committed,smarter,4,dwarf,6,300
committed,smarter,4,archmage,6,300
committed,smarter,5,player,11,300
committed,smarter,5,orc,7,300
committed,smarter,5,goblin,6,300
committed,smarter,5,dwarf,6,300
committed,smarter,5,archmage,6,300
committed,smarter,6,player,11,300
committed,smarter,6,orc,11,300
committed,smarter,6,goblin,6,300
committed,smarter,6,dwarf,7,300
committed,smarter,6,archmage,6,300
committed,smarter,7,player,11,300
committed,smarter,7,orc,13,300
committed,smarter,7,goblin,7,300
committed,smarter,7,dwarf,10,300
committed,smarter,7,archmage,6,300
committed,smarter,8,player,18,300
committed,smarter,8,orc,15,300
committed,smarter,8,goblin,8,300
committed,smarter,8,dwarf,13,300
committed,smarter,8,archmage,6,300
committed,smarter,9,player,34,300
committed,smarter,9,orc,15,300
committed,smarter,9,goblin,8,300
committed,smarter,9,dwarf,14,300
committed,smarter,9,archmage,6,300
committed,smarter,10,player,36,300
committed,smarter,10,orc,14,300
committed,smarter,10,goblin,8,300
committed,smarter,10,dwarf,14,300
committed,smarter,10,archmage,6,300
committed,smarter,11,player,40.5,300
committed,smarter,11,orc,14,300
committed,smarter,11,goblin,8,300
committed,smarter,11,dwarf,13,300
committed,smarter,11,archmage,6,300
committed,smarter,12,player,47.5,300
committed,smarter,12,orc,12,300
committed,smarter,12,goblin,6,300
committed,smarter,12,dwarf,12,300
committed,smarter,12,archmage,6,300
committed,smarter,13,player,58.5,300
committed,smarter,13,orc,6,300
committed,smarter,13,goblin,4,300
committed,smarter,13,dwarf,11,300
committed,smarter,13,archmage,6,300
committed,smarter,14,player,83.5,300
committed,smarter,14,orc,4,300
committed,smarter,14,goblin,3,300
committed,smarter,14,dwarf,6,300
committed,smarter,14,archmage,4,300
committed,smarter,15,player,89,300
committed,smarter,15,orc,3,300
committed,smarter,15,goblin,0,300
committed,smarter,15,dwarf,3,300
committed,smarter,15,archmage,3,300
committed,smarter,16,player,89,300
committed,smarter,16,orc,3,300
committed,smarter,16,goblin,0,300
committed,smarter,16,dwarf,3,300
committed,smarter,16,archmage,0,300
committed,smarter,17,player,89,300
committed,smarter,17,orc,3,300
committed,smarter,17,goblin,0,300
committed,smarter,17,dwarf,3,300
committed,smarter,17,archmage,0,300
committed,smarter,18,player,89,300
committed,smarter,18,orc,3,300
committed,smarter,18,goblin,0,300
committed,smarter,18,dwarf,3,300
committed,smarter,18,archmage,0,300
committed,push,1,player,17,50
committed,push,1,orc,6,50
committed,push,1,goblin,6,50
committed,push,1,dwarf,6,50
committed,push,1,archmage,6,50
committed,push,2,player,35.5,50
committed,push,2,orc,6,50
committed,push,2,goblin,6,50
committed,push,2,dwarf,6,50
committed,push,2,archmage,6,50
committed,push,3,player,46,50
committed,push,3,orc,6,50
committed,push,3,goblin,6,50
committed,push,3,dwarf,6,50
committed,push,3,archmage,6,50
committed,push,4,player,54,50
committed,push,4,orc,6.5,50
committed,push,4,goblin,5,50
committed,push,4,dwarf,6,50
committed,push,4,archmage,6,50
committed,push,5,player,66,50
committed,push,5,orc,5.5,50
committed,push,5,goblin,5,50
committed,push,5,dwarf,6,50
committed,push,5,archmage,6,50
committed,push,6,player,75,50
committed,push,6,orc,3,50
committed,push,6,goblin,0,50
committed,push,6,dwarf,5,50
committed,push,6,archmage,5,50
committed,push,7,player,88,50
committed,push,7,orc,3,50
committed,push,7,goblin,0,50
committed,push,7,dwarf,4,50
committed,push,7,archmage,1.5,50
committed,push,8,player,89,50
committed,push,8,orc,3,50
committed,push,8,goblin,0,50
committed,push,8,dwarf,3,50
committed,push,8,archmage,0,50
committed,push,9,player,89,50
committed,push,9,orc,0,50
committed,push,9,goblin,0,50
committed,push,9,dwarf,3,50
committed,push,9,archmage,0,50
committed,push,10,player,89,50
committed,push,10,orc,0,50
committed,push,10,goblin,0,50
committed,push,10,dwarf,3,50
committed,push,10,archmage,0,50
committed,push,11,player,89,50
committed,push,11,orc,0,50
committed,push,11,goblin,0,50
committed,push,11,dwarf,3,50
committed,push,11,archmage,0,50
committed,push,12,player,89,50
committed,push,12,orc,0,50
committed,push,12,goblin,0,50
committed,push,12,dwarf,0,50
committed,push,12,archmage,0,50
committed,push,13,player,89,50
committed,push,13,orc,0,50
committed,push,13,goblin,0,50
committed,push,13,dwarf,0,50
committed,push,13,archmage,0,50
committed,push,14,player,89,50
committed,push,14,orc,0,50
committed,push,14,goblin,0,50
committed,push,14,dwarf,0,50
committed,push,14,archmage,0,50
committed,push,15,player,89,50
committed,push,15,orc,0,50
committed,push,15,goblin,0,50
committed,push,15,dwarf,0,50
committed,push,15,archmage,0,50
committed,push,16,player,89,50
committed,push,16,orc,0,50
committed,push,16,goblin,0,50
committed,push,16,dwarf,0,50
committed,push,16,archmage,0,50
committed,push,17,player,89,50
committed,push,17,orc,0,50
committed,push,17,goblin,0,50
committed,push,17,dwarf,0,50
committed,push,17,archmage,0,50
committed,push,18,player,89,50
committed,push,18,orc,0,50
committed,push,18,goblin,0,50
committed,push,18,dwarf,0,50
committed,push,18,archmage,0,50
wavering,greedy,1,player,11,300
wavering,greedy,1,orc,6,300
wavering,greedy,1,goblin,6,300
wavering,greedy,1,dwarf,6,300
wavering,greedy,1,archmage,6,300
wavering,greedy,2,player,11,300
wavering,greedy,2,orc,6,300
wavering,greedy,2,goblin,6,300
wavering,greedy,2,dwarf,6,300
wavering,greedy,2,archmage,6,300
wavering,greedy,3,player,11,300
wavering,greedy,3,orc,6,300
wavering,greedy,3,goblin,6,300
wavering,greedy,3,dwarf,6,300
wavering,greedy,3,archmage,6,300
wavering,greedy,4,player,11,300
wavering,greedy,4,orc,6,300
wavering,greedy,4,goblin,6,300
wavering,greedy,4,dwarf,6,300
wavering,greedy,4,archmage,6,300
wavering,greedy,5,player,11,300
wavering,greedy,5,orc,7,300
wavering,greedy,5,goblin,6,300
wavering,greedy,5,dwarf,6,300
wavering,greedy,5,archmage,6,300
wavering,greedy,6,player,11,300
wavering,greedy,6,orc,11,300
wavering,greedy,6,goblin,6,300
wavering,greedy,6,dwarf,8,300
wavering,greedy,6,archmage,6,300
wavering,greedy,7,player,11,300
wavering,greedy,7,orc,14,300
wavering,greedy,7,goblin,7,300
wavering,greedy,7,dwarf,11,300
wavering,greedy,7,archmage,6,300
wavering,greedy,8,player,11,300
wavering,greedy,8,orc,17,300
wavering,greedy,8,goblin,10,300
wavering,greedy,8,dwarf,14,300
wavering,greedy,8,archmage,6,300
wavering,greedy,9,player,11,300
wavering,greedy,9,orc,20,300
wavering,greedy,9,goblin,11,300
wavering,greedy,9,dwarf,16,300
wavering,greedy,9,archmage,7,300
wavering,greedy,10,player,11,300
wavering,greedy,10,orc,21,300
wavering,greedy,10,goblin,12,300
wavering,greedy,10,dwarf,17,300
wavering,greedy,10,archmage,7.5,300
wavering,greedy,11,player,11,300
wavering,greedy,11,orc,22,300
wavering,greedy,11,goblin,12,300
wavering,greedy,11,dwarf,18,300
wavering,greedy,11,archmage,8,300
wavering,greedy,12,player,11,300
wavering,greedy,12,orc,21,300
wavering,greedy,12,goblin,12.5,300
wavering,greedy,12,dwarf,18,300
wavering,greedy,12,archmage,8,300
wavering,greedy,13,player,11,300
wavering,greedy,13,orc,21,300
wavering,greedy,13,goblin,13,300
wavering,greedy,13,dwarf,18,300
wavering,greedy,13,archmage,8,300
wavering,greedy,14,player,11,300
wavering,greedy,14,orc,21,300
wavering,greedy,14,goblin,13,300
wavering,greedy,14,dwarf,18,300
wavering,greedy,14,archmage,8,300
wavering,greedy,15,player,11,300
wavering,greedy,15,orc,21,300
wavering,greedy,15,goblin,13,300
wavering,greedy,15,dwarf,18,300
wavering,greedy,15,archmage,8,300
wavering,greedy,16,player,11,300
wavering,greedy,16,orc,21,300
wavering,greedy,16,goblin,13,300
wavering,greedy,16,dwarf,18,300
wavering,greedy,16,archmage,8,300
wavering,greedy,17,player,11,300
wavering,greedy,17,orc,21,300
wavering,greedy,17,goblin,13,300
wavering,greedy,17,dwarf,19,300
wavering,greedy,17,archmage,8,300
wavering,greedy,18,player,11,300
wavering,greedy,18,orc,21,300
wavering,greedy,18,goblin,13,300
wavering,greedy,18,dwarf,19,300
wavering,greedy,18,archmage,8,300
wavering,smarter,1,player,11,300
wavering,smarter,1,orc,6,300
wavering,smarter,1,goblin,6,300
wavering,smarter,1,dwarf,6,300
wavering,smarter,1,archmage,6,300
wavering,smarter,2,player,11,300
wavering,smarter,2,orc,6,300
wavering,smarter,2,goblin,6,300
wavering,smarter,2,dwarf,6,300
wavering,smarter,2,archmage,6,300
wavering,smarter,3,player,11,300
wavering,smarter,3,orc,6,300
wavering,smarter,3,goblin,6,300
wavering,smarter,3,dwarf,6,300
wavering,smarter,3,archmage,6,300
wavering,smarter,4,player,11,300
wavering,smarter,4,orc,6,300
wavering,smarter,4,goblin,6,300
wavering,smarter,4,dwarf,6,300
wavering,smarter,4,archmage,6,300
wavering,smarter,5,player,11,300
wavering,smarter,5,orc,7,300
wavering,smarter,5,goblin,6,300
wavering,smarter,5,dwarf,6,300
wavering,smarter,5,archmage,6,300
wavering,smarter,6,player,11,300
wavering,smarter,6,orc,11,300
wavering,smarter,6,goblin,6,300
wavering,smarter,6,dwarf,8,300
wavering,smarter,6,archmage,6,300
wavering,smarter,7,player,11,300
wavering,smarter,7,orc,14,300
wavering,smarter,7,goblin,7,300
wavering,smarter,7,dwarf,11,300
wavering,smarter,7,archmage,6,300
wavering,smarter,8,player,11,300
wavering,smarter,8,orc,17,300
wavering,smarter,8,goblin,10,300
wavering,smarter,8,dwarf,14,300
wavering,smarter,8,archmage,6,300
wavering,smarter,9,player,11,300
wavering,smarter,9,orc,20,300
wavering,smarter,9,goblin,11,300
wavering,smarter,9,dwarf,16,300
wavering,smarter,9,archmage,7,300
wavering,smarter,10,player,11,300
wavering,smarter,10,orc,21,300
wavering,smarter,10,goblin,12,300
wavering,smarter,10,dwarf,17,300
wavering,smarter,10,archmage,7,300
wavering,smarter,11,player,11,300
wavering,smarter,11,orc,21,300
wavering,smarter,11,goblin,12,300
wavering,smarter,11,dwarf,18,300
wavering,smarter,11,archmage,8,300
wavering,smarter,12,player,11,300
wavering,smarter,12,orc,21,300
wavering,smarter,12,goblin,13,300
wavering,smarter,12,dwarf,18,300
wavering,smarter,12,archmage,8,300
wavering,smarter,13,player,11,300
wavering,smarter,13,orc,21,300
wavering,smarter,13,goblin,13,300
wavering,smarter,13,dwarf,18,300
wavering,smarter,13,archmage,8,300
wavering,smarter,14,player,11,300
wavering,smarter,14,orc,21,300
wavering,smarter,14,goblin,13,300
wavering,smarter,14,dwarf,18,300
wavering,smarter,14,archmage,8,300
wavering,smarter,15,player,11,300
wavering,smarter,15,orc,21,300
wavering,smarter,15,goblin,13,300
wavering,smarter,15,dwarf,18,300
wavering,smarter,15,archmage,8,300
wavering,smarter,16,player,11,300
wavering,smarter,16,orc,21,300
wavering,smarter,16,goblin,13,300
wavering,smarter,16,dwarf,18.5,300
wavering,smarter,16,archmage,8,300
wavering,smarter,17,player,11,300
wavering,smarter,17,orc,21,300
wavering,smarter,17,goblin,13,300
wavering,smarter,17,dwarf,19,300
wavering,smarter,17,archmage,8,300
wavering,smarter,18,player,11,300
wavering,smarter,18,orc,21,300
wavering,smarter,18,goblin,13,300
wavering,smarter,18,dwarf,19,300
wavering,smarter,18,archmage,8,300
wavering,push,1,player,14.5,50
wavering,push,1,orc,6,50
wavering,push,1,goblin,6,50
wavering,push,1,dwarf,6,50
wavering,push,1,archmage,6,50
wavering,push,2,player,27,50
wavering,push,2,orc,6,50
wavering,push,2,goblin,6,50
wavering,push,2,dwarf,6,50
wavering,push,2,archmage,6,50
wavering,push,3,player,40.5,50
wavering,push,3,orc,7,50
wavering,push,3,goblin,6,50
wavering,push,3,dwarf,6,50
wavering,push,3,archmage,6,50
wavering,push,4,player,46,50
wavering,push,4,orc,8,50
wavering,push,4,goblin,6,50
wavering,push,4,dwarf,6,50
wavering,push,4,archmage,6,50
wavering,push,5,player,53,50
wavering,push,5,orc,9,50
wavering,push,5,goblin,5,50
wavering,push,5,dwarf,6,50
wavering,push,5,archmage,6,50
wavering,push,6,player,60,50
wavering,push,6,orc,7,50
wavering,push,6,goblin,0,50
wavering,push,6,dwarf,7,50
wavering,push,6,archmage,6,50
wavering,push,7,player,68,50
wavering,push,7,orc,5,50
wavering,push,7,goblin,0,50
wavering,push,7,dwarf,7,50
wavering,push,7,archmage,5,50
wavering,push,8,player,83,50
wavering,push,8,orc,4,50
wavering,push,8,goblin,0,50
wavering,push,8,dwarf,6,50
wavering,push,8,archmage,3,50
wavering,push,9,player,89,50
wavering,push,9,orc,3,50
wavering,push,9,goblin,0,50
wavering,push,9,dwarf,3,50
wavering,push,9,archmage,0,50
wavering,push,10,player,89,50
wavering,push,10,orc,1.5,50
wavering,push,10,goblin,0,50
wavering,push,10,dwarf,3,50
wavering,push,10,archmage,0,50
wavering,push,11,player,89,50
wavering,push,11,orc,0,50
wavering,push,11,goblin,0,50
wavering,push,11,dwarf,3,50
wavering,push,11,archmage,0,50
wavering,push,12,player,89,50
wavering,push,12,orc,0,50
wavering,push,12,goblin,0,50
wavering,push,12,dwarf,3,50
wavering,push,12,archmage,0,50
wavering,push,13,player,89,50
wavering,push,13,orc,0,50
wavering,push,13,goblin,0,50
wavering,push,13,dwarf,0,50
wavering,push,13,archmage,0,50
wavering,push,14,player,89,50
wavering,push,14,orc,0,50
wavering,push,14,goblin,0,50
wavering,push,14,dwarf,0,50
wavering,push,14,archmage,0,50
wavering,push,15,player,89,50
wavering,push,15,orc,0,50
wavering,push,15,goblin,0,50
wavering,push,15,dwarf,0,50
wavering,push,15,archmage,0,50
wavering,push,16,player,89,50
wavering,push,16,orc,0,50
wavering,push,16,goblin,0,50
wavering,push,16,dwarf,0,50
wavering,push,16,archmage,0,50
wavering,push,17,player,89,50
wavering,push,17,orc,0,50
wavering,push,17,goblin,0,50
wavering,push,17,dwarf,0,50
wavering,push,17,archmage,0,50
wavering,push,18,player,89,50
wavering,push,18,orc,0,50
wavering,push,18,goblin,0,50
wavering,push,18,dwarf,0,50
wavering,push,18,archmage,0,50
casual,greedy,1,player,11,300
casual,greedy,1,orc,6,300
casual,greedy,1,goblin,6,300
casual,greedy,1,dwarf,6,300
casual,greedy,1,archmage,6,300
casual,greedy,2,player,11,300
casual,greedy,2,orc,6,300
casual,greedy,2,goblin,6,300
casual,greedy,2,dwarf,6,300
casual,greedy,2,archmage,6,300
casual,greedy,3,player,11,300
casual,greedy,3,orc,6,300
casual,greedy,3,goblin,6,300
casual,greedy,3,dwarf,6,300
casual,greedy,3,archmage,6,300
casual,greedy,4,player,11,300
casual,greedy,4,orc,6,300
casual,greedy,4,goblin,6,300
casual,greedy,4,dwarf,6,300
casual,greedy,4,archmage,6,300
casual,greedy,5,player,11,300
casual,greedy,5,orc,7,300
casual,greedy,5,goblin,6,300
casual,greedy,5,dwarf,6,300
casual,greedy,5,archmage,6,300
casual,greedy,6,player,11,300
casual,greedy,6,orc,11,300
casual,greedy,6,goblin,6,300
casual,greedy,6,dwarf,8,300
casual,greedy,6,archmage,6,300
casual,greedy,7,player,11,300
casual,greedy,7,orc,14,300
casual,greedy,7,goblin,7,300
casual,greedy,7,dwarf,11,300
casual,greedy,7,archmage,6,300
casual,greedy,8,player,11,300
casual,greedy,8,orc,17,300
casual,greedy,8,goblin,10,300
casual,greedy,8,dwarf,14,300
casual,greedy,8,archmage,6,300
casual,greedy,9,player,11,300
casual,greedy,9,orc,20,300
casual,greedy,9,goblin,11,300
casual,greedy,9,dwarf,17,300
casual,greedy,9,archmage,7,300
casual,greedy,10,player,11,300
casual,greedy,10,orc,21,300
casual,greedy,10,goblin,12,300
casual,greedy,10,dwarf,17.5,300
casual,greedy,10,archmage,8,300
casual,greedy,11,player,11,300
casual,greedy,11,orc,22,300
casual,greedy,11,goblin,12,300
casual,greedy,11,dwarf,18,300
casual,greedy,11,archmage,8,300
casual,greedy,12,player,11,300
casual,greedy,12,orc,22,300
casual,greedy,12,goblin,12,300
casual,greedy,12,dwarf,18,300
casual,greedy,12,archmage,8,300
casual,greedy,13,player,11,300
casual,greedy,13,orc,22,300
casual,greedy,13,goblin,12,300
casual,greedy,13,dwarf,18,300
casual,greedy,13,archmage,8,300
casual,greedy,14,player,11,300
casual,greedy,14,orc,22,300
casual,greedy,14,goblin,12,300
casual,greedy,14,dwarf,18,300
casual,greedy,14,archmage,8,300
casual,greedy,15,player,11,300
casual,greedy,15,orc,22,300
casual,greedy,15,goblin,12,300
casual,greedy,15,dwarf,18,300
casual,greedy,15,archmage,8,300
casual,greedy,16,player,11,300
casual,greedy,16,orc,22,300
casual,greedy,16,goblin,12,300
casual,greedy,16,dwarf,18,300
casual,greedy,16,archmage,8,300
casual,greedy,17,player,11,300
casual,greedy,17,orc,22,300
casual,greedy,17,goblin,12,300
casual,greedy,17,dwarf,18,300
casual,greedy,17,archmage,8,300
casual,greedy,18,player,11,300
casual,greedy,18,orc,22,300
casual,greedy,18,goblin,12,300
casual,greedy,18,dwarf,18,300
casual,greedy,18,archmage,8,300
casual,smarter,1,player,11,300
casual,smarter,1,orc,6,300
casual,smarter,1,goblin,6,300
casual,smarter,1,dwarf,6,300
casual,smarter,1,archmage,6,300
casual,smarter,2,player,11,300
casual,smarter,2,orc,6,300
casual,smarter,2,goblin,6,300
casual,smarter,2,dwarf,6,300
casual,smarter,2,archmage,6,300
casual,smarter,3,player,11,300
casual,smarter,3,orc,6,300
casual,smarter,3,goblin,6,300
casual,smarter,3,dwarf,6,300
casual,smarter,3,archmage,6,300
casual,smarter,4,player,11,300
casual,smarter,4,orc,6,300
casual,smarter,4,goblin,6,300
casual,smarter,4,dwarf,6,300
casual,smarter,4,archmage,6,300
casual,smarter,5,player,11,300
casual,smarter,5,orc,7,300
casual,smarter,5,goblin,6,300
casual,smarter,5,dwarf,6,300
casual,smarter,5,archmage,6,300
casual,smarter,6,player,11,300
casual,smarter,6,orc,11,300
casual,smarter,6,goblin,6,300
casual,smarter,6,dwarf,8,300
casual,smarter,6,archmage,6,300
casual,smarter,7,player,11,300
casual,smarter,7,orc,14,300
casual,smarter,7,goblin,7,300
casual,smarter,7,dwarf,11,300
casual,smarter,7,archmage,6,300
casual,smarter,8,player,11,300
casual,smarter,8,orc,17,300
casual,smarter,8,goblin,10,300
casual,smarter,8,dwarf,14,300
casual,smarter,8,archmage,6,300
casual,smarter,9,player,11,300
casual,smarter,9,orc,20,300
casual,smarter,9,goblin,11,300
casual,smarter,9,dwarf,16.5,300
casual,smarter,9,archmage,7,300
casual,smarter,10,player,11,300
casual,smarter,10,orc,21,300
casual,smarter,10,goblin,12,300
casual,smarter,10,dwarf,18,300
casual,smarter,10,archmage,8,300
casual,smarter,11,player,11,300
casual,smarter,11,orc,22,300
casual,smarter,11,goblin,12,300
casual,smarter,11,dwarf,18,300
casual,smarter,11,archmage,8,300
casual,smarter,12,player,11,300
casual,smarter,12,orc,22,300
casual,smarter,12,goblin,13,300
casual,smarter,12,dwarf,19,300
casual,smarter,12,archmage,8,300
casual,smarter,13,player,11,300
casual,smarter,13,orc,22,300
casual,smarter,13,goblin,13,300
casual,smarter,13,dwarf,19,300
casual,smarter,13,archmage,8,300
casual,smarter,14,player,11,300
casual,smarter,14,orc,22,300
casual,smarter,14,goblin,13,300
casual,smarter,14,dwarf,19,300
casual,smarter,14,archmage,8,300
casual,smarter,15,player,11,300
casual,smarter,15,orc,22,300
casual,smarter,15,goblin,13,300
casual,smarter,15,dwarf,19,300
casual,smarter,15,archmage,8,300
casual,smarter,16,player,11,300
casual,smarter,16,orc,22,300
casual,smarter,16,goblin,13,300
casual,smarter,16,dwarf,19,300
casual,smarter,16,archmage,8,300
casual,smarter,17,player,11,300
casual,smarter,17,orc,22,300
casual,smarter,17,goblin,13,300
casual,smarter,17,dwarf,19,300
casual,smarter,17,archmage,8,300
casual,smarter,18,player,11,300
casual,smarter,18,orc,22,300
casual,smarter,18,goblin,13,300
casual,smarter,18,dwarf,19,300
casual,smarter,18,archmage,8,300
casual,push,1,player,12,50
casual,push,1,orc,6,50
casual,push,1,goblin,6,50
casual,push,1,dwarf,6,50
casual,push,1,archmage,6,50
casual,push,2,player,25,50
casual,push,2,orc,6,50
casual,push,2,goblin,6,50
casual,push,2,dwarf,6,50
casual,push,2,archmage,6,50
casual,push,3,player,29,50
casual,push,3,orc,8,50
casual,push,3,goblin,6,50
casual,push,3,dwarf,6,50
casual,push,3,archmage,6,50
casual,push,4,player,40,50
casual,push,4,orc,8,50
casual,push,4,goblin,6,50
casual,push,4,dwarf,6,50
casual,push,4,archmage,6,50
casual,push,5,player,44,50
casual,push,5,orc,10,50
casual,push,5,goblin,6,50
casual,push,5,dwarf,6,50
casual,push,5,archmage,6,50
casual,push,6,player,45,50
casual,push,6,orc,10,50
casual,push,6,goblin,6,50
casual,push,6,dwarf,7,50
casual,push,6,archmage,6,50
casual,push,7,player,48.5,50
casual,push,7,orc,10,50
casual,push,7,goblin,6,50
casual,push,7,dwarf,9,50
casual,push,7,archmage,6,50
casual,push,8,player,54,50
casual,push,8,orc,9,50
casual,push,8,goblin,5,50
casual,push,8,dwarf,9,50
casual,push,8,archmage,7,50
casual,push,9,player,60,50
casual,push,9,orc,6,50
casual,push,9,goblin,0,50
casual,push,9,dwarf,9,50
casual,push,9,archmage,6,50
casual,push,10,player,68,50
casual,push,10,orc,5,50
casual,push,10,goblin,0,50
casual,push,10,dwarf,9,50
casual,push,10,archmage,5,50
casual,push,11,player,82,50
casual,push,11,orc,3,50
casual,push,11,goblin,0,50
casual,push,11,dwarf,6,50
casual,push,11,archmage,0,50
casual,push,12,player,88,50
casual,push,12,orc,0,50
casual,push,12,goblin,0,50
casual,push,12,dwarf,3.5,50
casual,push,12,archmage,0,50
casual,push,13,player,89,50
casual,push,13,orc,0,50
casual,push,13,goblin,0,50
casual,push,13,dwarf,3,50
casual,push,13,archmage,0,50
casual,push,14,player,89,50
casual,push,14,orc,0,50
casual,push,14,goblin,0,50
casual,push,14,dwarf,3,50
casual,push,14,archmage,0,50
casual,push,15,player,89,50
casual,push,15,orc,0,50
casual,push,15,goblin,0,50
casual,push,15,dwarf,0,50
casual,push,15,archmage,0,50
casual,push,16,player,89,50
casual,push,16,orc,0,50
casual,push,16,goblin,0,50
casual,push,16,dwarf,0,50
casual,push,16,archmage,0,50
casual,push,17,player,89,50
casual,push,17,orc,0,50
casual,push,17,goblin,0,50
casual,push,17,dwarf,0,50
casual,push,17,archmage,0,50
casual,push,18,player,89,50
casual,push,18,orc,0,50
casual,push,18,goblin,0,50
casual,push,18,dwarf,0,50
casual,push,18,archmage,0,50
