variant,profile,policy,week,player_income_median,player_income_no_bonus_median,benchmark,ratio_median
base,perfect,greedy,1,242.2,237.5,276.6,0.8586
base,perfect,greedy,2,430.5,422.1,276.6,1.526
base,perfect,greedy,3,454.85,445.95,291.5,1.5298
base,perfect,greedy,4,457.1,448.1,291.5,1.5372
base,perfect,greedy,5,457.1,448.1,291.5,1.5372
base,perfect,greedy,6,457.1,448.1,291.5,1.5372
base,perfect,greedy,7,453.5,444.6,291.5,1.5252
base,perfect,greedy,8,435.5,414.8,291.5,1.423
base,perfect,greedy,9,439.2,418.3,314.8,1.3288
base,perfect,greedy,10,700.25,648.35,328.1,1.9761
base,perfect,greedy,11,426.1,394.5,328.1,1.2024
base,perfect,greedy,12,683.1,632.5,328.1,1.9278
base,perfect,greedy,13,426.1,394.5,328.1,1.2024
base,perfect,greedy,14,683.1,632.5,328.1,1.9278
base,perfect,greedy,15,447.8,414.6,328.1,1.2636
base,perfect,greedy,16,708.4,654.85,328.1,1.9959
base,perfect,greedy,17,463.3,413.7,328.1,1.2609
base,perfect,greedy,18,463.3,413.7,328.1,1.2609
base,perfect,greedy,19,463.3,413.7,328.1,1.2609
base,perfect,greedy,20,1131.3,1010.1,328.1,3.0786
base,perfect,greedy,21,467.6,417.5,367.7,1.1354
base,perfect,greedy,22,463.3,413.7,367.7,1.1251
base,perfect,greedy,23,440.7,393.5,367.7,1.0702
base,perfect,greedy,24,1112.7,993.5,367.7,2.7019
base,perfect,greedy,25,440.7,393.5,367.7,1.0702
base,perfect,greedy,26,443.6,396.1,367.7,1.0772
base,perfect,greedy,27,467.2,417.1,367.7,1.1343
base,perfect,greedy,28,1127.55,1006.75,367.7,2.738
base,perfect,greedy,29,463.4,413.8,367.7,1.1254
base,perfect,greedy,30,467.6,417.5,367.7,1.1354
base,perfect,greedy,31,464.3,414.55,367.7,1.1274
base,perfect,greedy,32,456.5,407.6,367.7,1.1085
base,perfect,greedy,33,1132.8,1011.4,367.7,2.7506
base,perfect,greedy,34,464.75,414.95,367.7,1.1285
base,perfect,greedy,35,440.7,393.5,367.7,1.0702
base,perfect,greedy,36,440.7,393.5,367.7,1.0702
base,perfect,greedy,37,1112.7,993.5,386,2.5738
base,perfect,greedy,38,440.7,393.5,386,1.0194
base,perfect,greedy,39,467.6,417.5,386,1.0816
base,perfect,greedy,40,467.6,417.5,386,1.0816
base,perfect,greedy,41,1160.7,1012.95,386,2.6242
base,perfect,greedy,42,474.7,413.1,386,1.0702
base,perfect,greedy,43,479.5,417,386,1.0803
base,perfect,greedy,44,479.3,417.5,386,1.0816
base,perfect,greedy,45,475.8,413.75,386,1.0719
base,perfect,greedy,46,1143.1,994,386,2.5751
base,perfect,greedy,47,453.1,394,386,1.0207
base,perfect,greedy,48,138,120,386,0.3109
base,perfect,greedy,49,453.1,394,386,1.0207
base,perfect,greedy,50,1143.1,994,386,2.5751
base,perfect,greedy,51,138,120,386,0.3109
base,perfect,greedy,52,480.7,418,386,1.0829
base,perfect,greedy,53,454.1,394.85,386,1.0229
base,perfect,greedy,54,828,720,386,1.8653
base,perfect,greedy,55,138,120,386,0.3109
base,steadfast,greedy,1,192.85,189.05,276.6,0.6835
base,steadfast,greedy,2,325.05,318.65,276.6,1.152
base,steadfast,greedy,3,332.8,326.3,291.5,1.1194
base,steadfast,greedy,4,333.95,327.45,291.5,1.1233
base,steadfast,greedy,5,332.7,326.2,291.5,1.119
base,steadfast,greedy,6,337.2,330.6,291.5,1.1341
base,steadfast,greedy,7,337,330.4,291.5,1.1334
base,steadfast,greedy,8,326.3,316.55,291.5,1.0859
base,steadfast,greedy,9,320.9,308.55,314.8,0.9801
base,steadfast,greedy,10,373.3,363,328.1,1.1064
base,steadfast,greedy,11,322.5,306.35,328.1,0.9337
base,steadfast,greedy,12,355.45,347.5,328.1,1.0591
base,steadfast,greedy,13,315.8,297.4,328.1,0.9064
base,steadfast,greedy,14,344.1,334.2,328.1,1.0186
base,steadfast,greedy,15,339.4,322.3,328.1,0.9823
base,steadfast,greedy,16,343.3,328.9,328.1,1.0024
base,steadfast,greedy,17,344.3,329.55,328.1,1.0044
base,steadfast,greedy,18,347.65,328.45,328.1,1.0011
base,steadfast,greedy,19,354.95,334.75,328.1,1.0203
base,steadfast,greedy,20,336.9,313.15,328.1,0.9544
base,steadfast,greedy,21,339.55,310.7,367.7,0.845
base,steadfast,greedy,22,337.55,307.5,367.7,0.8363
base,steadfast,greedy,23,339.55,311.7,367.7,0.8477
base,steadfast,greedy,24,331.95,301.9,367.7,0.821
base,steadfast,greedy,25,324.55,291.7,367.7,0.7933
base,steadfast,greedy,26,331.95,299.55,367.7,0.8147
base,steadfast,greedy,27,345.65,310.6,367.7,0.8447
base,steadfast,greedy,28,351.4,315.4,367.7,0.8578
base,steadfast,greedy,29,337.95,301.95,367.7,0.8212
base,steadfast,greedy,30,337.75,302.5,367.7,0.8227
base,steadfast,greedy,31,346.1,309.15,367.7,0.8408
base,steadfast,greedy,32,345.1,308.35,367.7,0.8386
base,steadfast,greedy,33,344.6,307.7,367.7,0.8368
base,steadfast,greedy,34,337.1,301.15,367.7,0.819
base,steadfast,greedy,35,332.4,297.05,367.7,0.8079
base,steadfast,greedy,36,329.7,294.6,367.7,0.8012
base,steadfast,greedy,37,334.3,298.5,386,0.7733
base,steadfast,greedy,38,331.85,296.3,386,0.7676
base,steadfast,greedy,39,341,304.5,386,0.7889
base,steadfast,greedy,40,343.3,306.2,386,0.7933
base,steadfast,greedy,41,347.45,310.1,386,0.8034
base,steadfast,greedy,42,341.9,305.2,386,0.7907
base,steadfast,greedy,43,341.05,302.4,386,0.7834
base,steadfast,greedy,44,341.35,303.55,386,0.7864
base,steadfast,greedy,45,353.5,314.4,386,0.8145
base,steadfast,greedy,46,340.9,301.3,386,0.7806
base,steadfast,greedy,47,342.1,300.8,386,0.7793
base,steadfast,greedy,48,331,291.75,386,0.7558
base,steadfast,greedy,49,337.7,294.6,386,0.7632
base,steadfast,greedy,50,330.55,289.75,386,0.7506
base,steadfast,greedy,51,336.1,295,386,0.7642
base,steadfast,greedy,52,345,302.1,386,0.7826
base,steadfast,greedy,53,342.2,300.65,386,0.7789
base,steadfast,greedy,54,349,305.35,386,0.7911
base,steadfast,greedy,55,347.35,302.05,386,0.7825
base,steadfast,greedy,56,355.7,311,386,0.8057
base,steadfast,greedy,57,349.9,304.6,386,0.7891
base,steadfast,greedy,58,343.8,302.7,386,0.7842
base,steadfast,greedy,59,339,295.5,386,0.7655
base,steadfast,greedy,60,339.65,296.65,386,0.7685
base,steadfast,greedy,61,341.1,296.6,386,0.7684
base,steadfast,greedy,62,333.85,290.3,386,0.7521
base,steadfast,greedy,63,347.8,306.6,386,0.7943
base,steadfast,greedy,64,333.8,291.55,386,0.7553
base,steadfast,greedy,65,338.1,294,386,0.7617
base,steadfast,greedy,66,349.4,303.8,386,0.787
base,steadfast,greedy,67,335.6,295.85,386,0.7665
base,steadfast,greedy,68,344.2,299.3,386,0.7754
base,steadfast,greedy,69,243.15,211.45,386,0.5478
base,steadfast,greedy,70,334.7,298.85,386,0.7742
base,steadfast,greedy,71,67.1,59.9,386,0.1552
base,steadfastPlateau,greedy,1,192.85,189.05,276.6,0.6835
base,steadfastPlateau,greedy,2,325.05,318.65,276.6,1.152
base,steadfastPlateau,greedy,3,332.8,326.3,291.5,1.1194
base,steadfastPlateau,greedy,4,333.95,327.45,291.5,1.1233
base,steadfastPlateau,greedy,5,332.7,326.2,291.5,1.119
base,steadfastPlateau,greedy,6,337.2,330.6,291.5,1.1341
base,steadfastPlateau,greedy,7,337,330.4,291.5,1.1334
base,steadfastPlateau,greedy,8,326.3,316.55,291.5,1.0859
base,steadfastPlateau,greedy,9,320.9,308.55,314.8,0.9801
base,steadfastPlateau,greedy,10,363,354.35,328.1,1.08
base,steadfastPlateau,greedy,11,317.55,303.4,328.1,0.9247
base,steadfastPlateau,greedy,12,355.45,347.5,328.1,1.0591
base,steadfastPlateau,greedy,13,315.8,297.4,328.1,0.9064
base,steadfastPlateau,greedy,14,337.9,327.6,328.1,0.9985
base,steadfastPlateau,greedy,15,327.2,315,328.1,0.9601
base,steadfastPlateau,greedy,16,333.1,317.4,328.1,0.9674
base,steadfastPlateau,greedy,17,332.25,318.9,328.1,0.972
base,steadfastPlateau,greedy,18,333.75,321.05,328.1,0.9785
base,steadfastPlateau,greedy,19,341.35,323.15,328.1,0.9849
base,steadfastPlateau,greedy,20,328.55,301.55,328.1,0.9191
base,steadfastPlateau,greedy,21,327.7,302.1,367.7,0.8216
base,steadfastPlateau,greedy,22,324.55,296.4,367.7,0.8061
base,steadfastPlateau,greedy,23,336.05,314.5,367.7,0.8553
base,steadfastPlateau,greedy,24,331.75,302.3,367.7,0.8221
base,steadfastPlateau,greedy,25,324.5,293.5,367.7,0.7982
base,steadfastPlateau,greedy,26,325.15,293.7,367.7,0.7987
base,steadfastPlateau,greedy,27,330,300.35,367.7,0.8168
base,steadfastPlateau,greedy,28,336.35,303.95,367.7,0.8266
base,steadfastPlateau,greedy,29,324,291.5,367.7,0.7928
base,steadfastPlateau,greedy,30,325.5,292.35,367.7,0.7951
base,steadfastPlateau,greedy,31,328.9,295.55,367.7,0.8038
base,steadfastPlateau,greedy,32,329.7,296.65,367.7,0.8068
base,steadfastPlateau,greedy,33,333.05,298.95,367.7,0.813
base,steadfastPlateau,greedy,34,325.65,292.2,367.7,0.7947
base,steadfastPlateau,greedy,35,327.85,295.45,367.7,0.8035
base,steadfastPlateau,greedy,36,328,294.5,367.7,0.8009
base,steadfastPlateau,greedy,37,334.05,300.7,386,0.779
base,steadfastPlateau,greedy,38,325.6,291.8,386,0.756
base,steadfastPlateau,greedy,39,328.3,294.8,386,0.7637
base,steadfastPlateau,greedy,40,328.5,294.65,386,0.7633
base,steadfastPlateau,greedy,41,327.8,294.85,386,0.7639
base,steadfastPlateau,greedy,42,329.15,294.2,386,0.7622
base,steadfastPlateau,greedy,43,332.4,296.8,386,0.7689
base,steadfastPlateau,greedy,44,326.85,292,386,0.7565
base,steadfastPlateau,greedy,45,334.95,299.4,386,0.7756
base,steadfastPlateau,greedy,46,329.65,294.5,386,0.763
base,steadfastPlateau,greedy,47,332.4,297.45,386,0.7706
base,steadfastPlateau,greedy,48,328.1,293.1,386,0.7593
base,steadfastPlateau,greedy,49,329.7,294.4,386,0.7627
base,steadfastPlateau,greedy,50,322.1,289.1,386,0.749
base,steadfastPlateau,greedy,51,320.25,288.15,386,0.7465
base,steadfastPlateau,greedy,52,330.9,296.1,386,0.7671
base,steadfastPlateau,greedy,53,327.8,292.85,386,0.7587
base,steadfastPlateau,greedy,54,325.3,292.8,386,0.7585
base,steadfastPlateau,greedy,55,325,292.8,386,0.7585
base,steadfastPlateau,greedy,56,331.1,296.5,386,0.7681
base,steadfastPlateau,greedy,57,326.3,295.55,386,0.7657
base,steadfastPlateau,greedy,58,334.9,299.6,386,0.7762
base,steadfastPlateau,greedy,59,327.55,294.2,386,0.7622
base,steadfastPlateau,greedy,60,331.4,297.9,386,0.7718
base,steadfastPlateau,greedy,61,331.95,298.7,386,0.7738
base,steadfastPlateau,greedy,62,329.6,297.3,386,0.7702
base,steadfastPlateau,greedy,63,331.9,297.7,386,0.7712
base,steadfastPlateau,greedy,64,330,297.5,386,0.7707
base,steadfastPlateau,greedy,65,334.6,306.8,386,0.7948
base,steadfastPlateau,greedy,66,337.5,301.3,386,0.7806
base,steadfastPlateau,greedy,67,332.35,298,386,0.772
base,steadfastPlateau,greedy,68,323.95,289.45,386,0.7499
base,steadfastPlateau,greedy,69,344.5,312.1,386,0.8085
base,steadfastPlateau,greedy,70,335.8,300.8,386,0.7793
base,steadfastPlateau,greedy,71,51.6,47,386,0.1218
base,committed,greedy,1,169.9,166.6,276.6,0.6023
base,committed,greedy,2,288.2,282.55,276.6,1.0215
base,committed,greedy,3,289,283.3,291.5,0.9719
base,committed,greedy,4,288.9,283.2,291.5,0.9715
base,committed,greedy,5,290.65,284.95,291.5,0.9775
base,committed,greedy,6,292.15,286.45,291.5,0.9827
base,committed,greedy,7,292.1,286.4,291.5,0.9825
base,committed,greedy,8,291.15,285.45,291.5,0.9792
base,committed,greedy,9,290.35,284.65,314.8,0.9042
base,committed,greedy,10,290.6,284.9,328.1,0.8683
base,committed,greedy,11,288.25,282.6,328.1,0.8613
base,committed,greedy,12,283.15,277.6,328.1,0.8461
base,committed,greedy,13,280.6,275.1,328.1,0.8385
base,committed,greedy,14,284.25,278.65,328.1,0.8493
base,committed,greedy,15,293.05,287.35,328.1,0.8758
base,committed,greedy,16,295.5,289.65,328.1,0.8828
base,committed,greedy,17,293.95,288.05,328.1,0.8779
base,committed,greedy,18,291.3,285.6,328.1,0.8705
base,committed,greedy,19,293,287.05,328.1,0.8749
base,committed,greedy,20,290.05,284.05,328.1,0.8657
base,committed,greedy,21,292.45,286.6,367.7,0.7794
base,committed,greedy,22,291.3,284,367.7,0.7724
base,committed,greedy,23,287.75,280.05,367.7,0.7616
base,committed,greedy,24,286.4,279.1,367.7,0.759
base,committed,greedy,25,279.1,272.9,367.7,0.7422
base,committed,greedy,26,288.55,281.55,367.7,0.7657
base,committed,greedy,27,291.25,282.8,367.7,0.7691
base,committed,greedy,28,296.75,289.1,367.7,0.7862
base,committed,greedy,29,291.6,281.8,367.7,0.7664
base,committed,greedy,30,294.85,284.65,367.7,0.7741
base,committed,greedy,31,295.2,282.6,367.7,0.7686
base,committed,greedy,32,292.35,283.8,367.7,0.7718
base,committed,greedy,33,284.15,270.95,367.7,0.7369
base,committed,greedy,34,288.4,271.9,367.7,0.7395
base,committed,greedy,35,288.45,270.65,367.7,0.7361
base,committed,greedy,36,285.3,265.25,367.7,0.7214
base,committed,greedy,37,299.5,276.9,386,0.7174
base,committed,greedy,38,296.45,274.15,386,0.7102
base,committed,greedy,39,302.9,276.35,386,0.7159
base,committed,greedy,40,298.2,273.8,386,0.7093
base,committed,greedy,41,296.8,271,386,0.7021
base,committed,greedy,42,301.5,278,386,0.7202
base,committed,greedy,43,300.55,273.5,386,0.7085
base,committed,greedy,44,296.85,269.9,386,0.6992
base,committed,greedy,45,291.1,267.55,386,0.6931
base,committed,greedy,46,307.4,278.45,386,0.7214
base,committed,greedy,47,298.7,270.65,386,0.7012
base,committed,greedy,48,293.3,266.9,386,0.6915
base,committed,greedy,49,293.9,268.05,386,0.6944
base,committed,greedy,50,294.55,266.4,386,0.6902
base,committed,greedy,51,298.6,271.9,386,0.7044
base,committed,greedy,52,306.15,276.5,386,0.7163
base,committed,greedy,53,302.1,273.6,386,0.7088
base,committed,greedy,54,296.75,270.1,386,0.6997
base,committed,greedy,55,300,270.7,386,0.7013
base,committed,greedy,56,309.9,278.8,386,0.7223
base,committed,greedy,57,300.55,270.9,386,0.7018
base,committed,greedy,58,298.25,268.45,386,0.6955
base,committed,greedy,59,297.6,267.6,386,0.6933
base,committed,greedy,60,293.9,267.4,386,0.6927
base,committed,greedy,61,306.3,274.7,386,0.7117
base,committed,greedy,62,290.85,263.7,386,0.6832
base,committed,greedy,63,302.35,273.35,386,0.7082
base,committed,greedy,64,299.5,268.8,386,0.6964
base,committed,greedy,65,312.2,280.1,386,0.7256
base,committed,greedy,66,306.5,275.15,386,0.7128
base,committed,greedy,67,307.2,274.1,386,0.7101
base,committed,greedy,68,299.45,269.5,386,0.6982
base,committed,greedy,69,301.9,273.8,386,0.7093
base,committed,greedy,70,310.75,278.95,386,0.7227
base,committed,greedy,71,46.5,43.1,386,0.1117
base,wavering,greedy,1,120.35,117.95,276.6,0.4264
base,wavering,greedy,2,217.55,213.25,276.6,0.771
base,wavering,greedy,3,220.85,216.55,291.5,0.7429
base,wavering,greedy,4,225.45,221.05,291.5,0.7583
base,wavering,greedy,5,223.7,219.3,291.5,0.7523
base,wavering,greedy,6,222.4,218,291.5,0.7479
base,wavering,greedy,7,221.2,216.9,291.5,0.7441
base,wavering,greedy,8,219.15,214.85,291.5,0.737
base,wavering,greedy,9,224.7,220.3,314.8,0.6998
base,wavering,greedy,10,224.45,220.05,328.1,0.6707
base,wavering,greedy,11,212.05,207.85,328.1,0.6335
base,wavering,greedy,12,209.35,205.25,328.1,0.6256
base,wavering,greedy,13,203.05,199.05,328.1,0.6067
base,wavering,greedy,14,214.9,210.7,328.1,0.6422
base,wavering,greedy,15,222.65,218.25,328.1,0.6652
base,wavering,greedy,16,225.95,221.55,328.1,0.6753
base,wavering,greedy,17,223.3,218.9,328.1,0.6672
base,wavering,greedy,18,224.85,220.45,328.1,0.6719
base,wavering,greedy,19,227.3,222.8,328.1,0.6791
base,wavering,greedy,20,224.35,219.95,328.1,0.6704
base,wavering,greedy,21,227.8,223.3,367.7,0.6073
base,wavering,greedy,22,218.8,214.5,367.7,0.5834
base,wavering,greedy,23,212.6,208.4,367.7,0.5668
base,wavering,greedy,24,206.2,202.2,367.7,0.5499
base,wavering,greedy,25,201.3,197.4,367.7,0.5369
base,wavering,greedy,26,219.8,215.5,367.7,0.5861
base,wavering,greedy,27,220.3,216,367.7,0.5874
base,wavering,greedy,28,221.15,216.85,367.7,0.5897
base,wavering,greedy,29,226,221.6,367.7,0.6027
base,wavering,greedy,30,220.25,215.95,367.7,0.5873
base,wavering,greedy,31,229.65,225.15,367.7,0.6123
base,wavering,greedy,32,224.9,220.3,367.7,0.5991
base,wavering,greedy,33,220.7,215.9,367.7,0.5872
base,wavering,greedy,34,224.35,219.65,367.7,0.5974
base,wavering,greedy,35,217.85,213.55,367.7,0.5808
base,wavering,greedy,36,205.45,201.45,367.7,0.5479
base,wavering,greedy,37,212.1,207.35,386,0.5372
base,wavering,greedy,38,224.6,219.3,386,0.5681
base,wavering,greedy,39,226.7,221.9,386,0.5749
base,wavering,greedy,40,227.3,221.5,386,0.5738
base,wavering,greedy,41,221.65,217.1,386,0.5624
base,wavering,greedy,42,230.15,223.85,386,0.5799
base,wavering,greedy,43,228.7,222.1,386,0.5754
base,wavering,greedy,44,230.8,224.75,386,0.5823
base,wavering,greedy,45,219.5,214.05,386,0.5545
base,wavering,greedy,46,220.4,216,386,0.5596
base,wavering,greedy,47,217.2,210.8,386,0.5461
base,wavering,greedy,48,202.8,197.5,386,0.5117
base,wavering,greedy,49,220.8,213.25,386,0.5525
base,wavering,greedy,50,227.1,217.65,386,0.5639
base,wavering,greedy,51,237.85,226.45,386,0.5867
base,wavering,greedy,52,237.6,223.3,386,0.5785
base,wavering,greedy,53,226.05,213.9,386,0.5541
base,wavering,greedy,54,243.8,230.55,386,0.5973
base,wavering,greedy,55,243.1,230.4,386,0.5969
base,wavering,greedy,56,246.4,234.65,386,0.6079
base,wavering,greedy,57,227.2,215.75,386,0.5589
base,wavering,greedy,58,251.9,237.3,386,0.6148
base,wavering,greedy,59,226.8,215.6,386,0.5585
base,wavering,greedy,60,236.3,225,386,0.5829
base,wavering,greedy,61,228.6,217.7,386,0.564
base,wavering,greedy,62,249.8,236.1,386,0.6117
base,wavering,greedy,63,240.4,226.1,386,0.5858
base,wavering,greedy,64,230,219,386,0.5674
base,wavering,greedy,65,251,239,386,0.6192
base,wavering,greedy,66,240.5,227.85,386,0.5903
base,wavering,greedy,67,248.4,234.75,386,0.6082
base,wavering,greedy,68,239,227.65,386,0.5898
base,wavering,greedy,69,252.05,239.45,386,0.6203
base,wavering,greedy,70,259.3,245.15,386,0.6351
base,wavering,greedy,71,34.7,33,386,0.0855
base,casual,greedy,1,84.15,82.5,276.6,0.2983
base,casual,greedy,2,147,144.1,276.6,0.521
base,casual,greedy,3,148.7,145.8,291.5,0.5002
base,casual,greedy,4,151,148,291.5,0.5077
base,casual,greedy,5,155.5,152.45,291.5,0.523
base,casual,greedy,6,148.65,145.75,291.5,0.5
base,casual,greedy,7,148.2,145.3,291.5,0.4985
base,casual,greedy,8,145.85,142.95,291.5,0.4904
base,casual,greedy,9,152.8,149.8,314.8,0.4759
base,casual,greedy,10,149.85,146.95,328.1,0.4479
base,casual,greedy,11,146.85,143.95,328.1,0.4387
base,casual,greedy,12,146,143.1,328.1,0.4361
base,casual,greedy,13,143.4,140.6,328.1,0.4285
base,casual,greedy,14,149.95,147.05,328.1,0.4482
base,casual,greedy,15,149.95,147.05,328.1,0.4482
base,casual,greedy,16,153.45,150.45,328.1,0.4585
base,casual,greedy,17,148.2,145.3,328.1,0.4429
base,casual,greedy,18,153.7,150.7,328.1,0.4593
base,casual,greedy,19,150.1,147.15,328.1,0.4485
base,casual,greedy,20,151.75,148.75,328.1,0.4534
base,casual,greedy,21,154.4,151.4,367.7,0.4117
base,casual,greedy,22,146.6,143.7,367.7,0.3908
base,casual,greedy,23,147.5,144.6,367.7,0.3933
base,casual,greedy,24,145.35,142.5,367.7,0.3875
base,casual,greedy,25,141,138.2,367.7,0.3758
base,casual,greedy,26,151.25,148.25,367.7,0.4032
base,casual,greedy,27,149.75,146.85,367.7,0.3994
base,casual,greedy,28,145.95,143.05,367.7,0.389
base,casual,greedy,29,152.85,149.85,367.7,0.4075
base,casual,greedy,30,149.2,146.3,367.7,0.3979
base,casual,greedy,31,153.7,150.7,367.7,0.4098
base,casual,greedy,32,149.85,146.95,367.7,0.3996
base,casual,greedy,33,150.35,147.4,367.7,0.4009
base,casual,greedy,34,144.65,141.85,367.7,0.3858
base,casual,greedy,35,149.05,146.15,367.7,0.3975
base,casual,greedy,36,147.8,144.9,367.7,0.3941
base,casual,greedy,37,144.75,141.95,386,0.3677
base,casual,greedy,38,150.05,147.15,386,0.3812
base,casual,greedy,39,151.95,148.95,386,0.3859
base,casual,greedy,40,154.35,151.35,386,0.3921
base,casual,greedy,41,149.65,146.75,386,0.3802
income,steadfast,greedy,1,190.85,190.85,276.6,0.69
income,steadfast,greedy,2,323.3,323.3,276.6,1.1688
income,steadfast,greedy,3,332.6,332.6,291.5,1.141
income,steadfast,greedy,4,324.8,324.8,291.5,1.1142
income,steadfast,greedy,5,323.75,323.75,291.5,1.1106
income,steadfast,greedy,6,331.95,331.95,291.5,1.1388
income,steadfast,greedy,7,323.3,323.3,291.5,1.1091
income,steadfast,greedy,8,304.6,304.6,291.5,1.0449
income,steadfast,greedy,9,347.7,347.7,314.8,1.1045
income,steadfast,greedy,10,320.2,320.2,328.1,0.9759
income,steadfast,greedy,11,324.9,324.9,328.1,0.9902
income,steadfast,greedy,12,315,315,328.1,0.9601
income,steadfast,greedy,13,297.2,297.2,328.1,0.9058
income,steadfast,greedy,14,334.55,334.55,328.1,1.0197
income,steadfast,greedy,15,340.15,340.15,328.1,1.0367
income,steadfast,greedy,16,316.25,316.25,328.1,0.9639
income,steadfast,greedy,17,339.1,339.1,328.1,1.0335
income,steadfast,greedy,18,304.75,304.75,328.1,0.9288
income,steadfast,greedy,19,413.5,413.5,328.1,1.2603
income,steadfast,greedy,20,322.5,322.5,328.1,0.9829
income,steadfast,greedy,21,465.15,465.15,367.7,1.265
income,steadfast,greedy,22,302.75,302.75,367.7,0.8234
income,steadfast,greedy,23,359.45,359.45,367.7,0.9776
income,steadfast,greedy,24,309.15,309.15,367.7,0.8408
income,steadfast,greedy,25,332.95,332.95,367.7,0.9055
income,steadfast,greedy,26,309.55,309.55,367.7,0.8419
income,steadfast,greedy,27,324.9,324.9,367.7,0.8836
income,steadfast,greedy,28,456.9,456.9,367.7,1.2426
income,steadfast,greedy,29,328.35,328.35,367.7,0.893
income,steadfast,greedy,30,370.95,370.95,367.7,1.0088
income,steadfast,greedy,31,331.95,331.95,367.7,0.9028
income,steadfast,greedy,32,458.55,458.55,367.7,1.2471
income,steadfast,greedy,33,328.95,328.95,367.7,0.8946
income,steadfast,greedy,34,314.05,314.05,367.7,0.8541
income,steadfast,greedy,35,299.3,299.3,367.7,0.814
income,steadfast,greedy,36,318.45,318.45,367.7,0.8661
income,steadfast,greedy,37,292.8,292.8,386,0.7585
income,steadfast,greedy,38,306.95,306.95,386,0.7952
income,steadfast,greedy,39,314.55,314.55,386,0.8149
income,steadfast,greedy,40,311.45,311.45,386,0.8069
income,steadfast,greedy,41,309.2,309.2,386,0.801
income,steadfast,greedy,42,298.9,298.9,386,0.7744
income,steadfast,greedy,43,311.95,311.95,386,0.8082
income,steadfast,greedy,44,304.75,304.75,386,0.7895
income,steadfast,greedy,45,322,322,386,0.8342
income,steadfast,greedy,46,312.65,312.65,386,0.81
income,steadfast,greedy,47,315.35,315.35,386,0.817
income,steadfast,greedy,48,301.55,301.55,386,0.7812
income,steadfast,greedy,49,47,47,386,0.1218
income,steadfastPlateau,greedy,1,190.85,190.85,276.6,0.69
income,steadfastPlateau,greedy,2,323.3,323.3,276.6,1.1688
income,steadfastPlateau,greedy,3,332.6,332.6,291.5,1.141
income,steadfastPlateau,greedy,4,324.8,324.8,291.5,1.1142
income,steadfastPlateau,greedy,5,323.75,323.75,291.5,1.1106
income,steadfastPlateau,greedy,6,331.95,331.95,291.5,1.1388
income,steadfastPlateau,greedy,7,323.3,323.3,291.5,1.1091
income,steadfastPlateau,greedy,8,304.6,304.6,291.5,1.0449
income,steadfastPlateau,greedy,9,347.7,347.7,314.8,1.1045
income,steadfastPlateau,greedy,10,316.05,316.05,328.1,0.9633
income,steadfastPlateau,greedy,11,322.95,322.95,328.1,0.9843
income,steadfastPlateau,greedy,12,315,315,328.1,0.9601
income,steadfastPlateau,greedy,13,297.2,297.2,328.1,0.9058
income,steadfastPlateau,greedy,14,329.1,329.1,328.1,1.003
income,steadfastPlateau,greedy,15,328.85,328.85,328.1,1.0023
income,steadfastPlateau,greedy,16,306.5,306.5,328.1,0.9342
income,steadfastPlateau,greedy,17,327.3,327.3,328.1,0.9976
income,steadfastPlateau,greedy,18,297.6,297.6,328.1,0.907
income,steadfastPlateau,greedy,19,391.2,391.2,328.1,1.1923
income,steadfastPlateau,greedy,20,305.4,305.4,328.1,0.9308
income,steadfastPlateau,greedy,21,416.75,416.75,367.7,1.1334
income,steadfastPlateau,greedy,22,290.55,290.55,367.7,0.7902
income,steadfastPlateau,greedy,23,357.5,357.5,367.7,0.9723
income,steadfastPlateau,greedy,24,321.8,321.8,367.7,0.8752
income,steadfastPlateau,greedy,25,332.95,332.95,367.7,0.9055
income,steadfastPlateau,greedy,26,304.75,304.75,367.7,0.8288
income,steadfastPlateau,greedy,27,342,342,367.7,0.9301
income,steadfastPlateau,greedy,28,310.65,310.65,367.7,0.8448
income,steadfastPlateau,greedy,29,325.45,325.45,367.7,0.8851
income,steadfastPlateau,greedy,30,317.5,317.5,367.7,0.8635
income,steadfastPlateau,greedy,31,310.75,310.75,367.7,0.8451
income,steadfastPlateau,greedy,32,315.6,315.6,367.7,0.8583
income,steadfastPlateau,greedy,33,302.95,302.95,367.7,0.8239
income,steadfastPlateau,greedy,34,292.35,292.35,367.7,0.7951
income,steadfastPlateau,greedy,35,299.6,299.6,367.7,0.8148
income,steadfastPlateau,greedy,36,287.1,287.1,367.7,0.7808
income,steadfastPlateau,greedy,37,286.3,286.3,386,0.7417
income,steadfastPlateau,greedy,38,292.35,292.35,386,0.7574
income,steadfastPlateau,greedy,39,295.95,295.95,386,0.7667
income,steadfastPlateau,greedy,40,298.25,298.25,386,0.7727
income,steadfastPlateau,greedy,41,294.2,294.2,386,0.7622
income,steadfastPlateau,greedy,42,288.25,288.25,386,0.7468
income,steadfastPlateau,greedy,43,299.95,299.95,386,0.7771
income,steadfastPlateau,greedy,44,293.05,293.05,386,0.7592
income,steadfastPlateau,greedy,45,302.95,302.95,386,0.7848
income,steadfastPlateau,greedy,46,294.65,294.65,386,0.7633
income,steadfastPlateau,greedy,47,309.3,309.3,386,0.8013
income,steadfastPlateau,greedy,48,297.05,297.05,386,0.7696
income,steadfastPlateau,greedy,49,53.5,53.5,386,0.1386
income,committed,greedy,1,174.15,174.15,276.6,0.6296
income,committed,greedy,2,286.75,286.75,276.6,1.0367
income,committed,greedy,3,289.4,289.4,291.5,0.9928
income,committed,greedy,4,276.75,276.75,291.5,0.9494
income,committed,greedy,5,288.7,288.7,291.5,0.9904
income,committed,greedy,6,287.95,287.95,291.5,0.9878
income,committed,greedy,7,279.75,279.75,291.5,0.9597
income,committed,greedy,8,285.05,285.05,291.5,0.9779
income,committed,greedy,9,291.3,291.3,314.8,0.9253
income,committed,greedy,10,288.15,288.15,328.1,0.8782
income,committed,greedy,11,281.4,281.4,328.1,0.8577
income,committed,greedy,12,271.4,271.4,328.1,0.8272
income,committed,greedy,13,269.05,269.05,328.1,0.82
income,committed,greedy,14,294.95,294.95,328.1,0.899
income,committed,greedy,15,292.15,292.15,328.1,0.8904
income,committed,greedy,16,299.55,299.55,328.1,0.913
income,committed,greedy,17,292.15,292.15,328.1,0.8904
income,committed,greedy,18,278.45,278.45,328.1,0.8487
income,committed,greedy,19,296.2,296.2,328.1,0.9028
income,committed,greedy,20,288.9,288.9,328.1,0.8805
income,committed,greedy,21,289.95,289.95,367.7,0.7886
income,committed,greedy,22,269.95,269.95,367.7,0.7342
income,committed,greedy,23,279.8,279.8,367.7,0.7609
income,committed,greedy,24,277.2,277.2,367.7,0.7539
income,committed,greedy,25,280.75,280.75,367.7,0.7635
income,committed,greedy,26,290.7,290.7,367.7,0.7906
income,committed,greedy,27,278.4,278.4,367.7,0.7571
income,committed,greedy,28,284.95,284.95,367.7,0.775
income,committed,greedy,29,288.9,288.9,367.7,0.7857
income,committed,greedy,30,284.15,284.15,367.7,0.7728
income,committed,greedy,31,284.7,284.7,367.7,0.7743
income,committed,greedy,32,286.65,286.65,367.7,0.7796
income,committed,greedy,33,279.2,279.2,367.7,0.7593
income,committed,greedy,34,268.15,268.15,367.7,0.7293
income,committed,greedy,35,282.15,282.15,367.7,0.7673
income,committed,greedy,36,268.5,268.5,367.7,0.7302
income,committed,greedy,37,300.35,300.35,386,0.7781
income,committed,greedy,38,277.05,277.05,386,0.7177
income,committed,greedy,39,303.6,303.6,386,0.7865
income,committed,greedy,40,329.95,329.95,386,0.8548
income,committed,greedy,41,272.45,272.45,386,0.7058
income,committed,greedy,42,293.6,293.6,386,0.7606
income,committed,greedy,43,282.9,282.9,386,0.7329
income,committed,greedy,44,267.75,267.75,386,0.6937
income,committed,greedy,45,274.95,274.95,386,0.7123
income,committed,greedy,46,273.65,273.65,386,0.7089
income,committed,greedy,47,286.3,286.3,386,0.7417
income,committed,greedy,48,258.2,258.2,386,0.6689
income,committed,greedy,49,43,43,386,0.1114
income,wavering,greedy,1,126.7,126.7,276.6,0.4581
income,wavering,greedy,2,212.65,212.65,276.6,0.7688
income,wavering,greedy,3,229.4,229.4,291.5,0.787
income,wavering,greedy,4,205.85,205.85,291.5,0.7062
income,wavering,greedy,5,220.25,220.25,291.5,0.7556
income,wavering,greedy,6,216.2,216.2,291.5,0.7417
income,wavering,greedy,7,203.4,203.4,291.5,0.6978
income,wavering,greedy,8,198.75,198.75,291.5,0.6818
income,wavering,greedy,9,228.2,228.2,314.8,0.7249
income,wavering,greedy,10,228.5,228.5,328.1,0.6964
income,wavering,greedy,11,202.5,202.5,328.1,0.6172
income,wavering,greedy,12,198.75,198.75,328.1,0.6058
income,wavering,greedy,13,186.15,186.15,328.1,0.5674
income,wavering,greedy,14,233.9,233.9,328.1,0.7129
income,wavering,greedy,15,216.8,216.8,328.1,0.6608
income,wavering,greedy,16,208.75,208.75,328.1,0.6362
income,wavering,greedy,17,221.1,221.1,328.1,0.6739
income,wavering,greedy,18,210.65,210.65,328.1,0.642
income,wavering,greedy,19,227.45,227.45,328.1,0.6932
income,wavering,greedy,20,221.3,221.3,328.1,0.6745
income,wavering,greedy,21,221,221,367.7,0.601
income,wavering,greedy,22,205.2,205.2,367.7,0.5581
income,wavering,greedy,23,210.2,210.2,367.7,0.5717
income,wavering,greedy,24,198.2,198.2,367.7,0.539
income,wavering,greedy,25,199.9,199.9,367.7,0.5436
income,wavering,greedy,26,225.3,225.3,367.7,0.6127
income,wavering,greedy,27,211.25,211.25,367.7,0.5745
income,wavering,greedy,28,215.55,215.55,367.7,0.5862
income,wavering,greedy,29,224.6,224.6,367.7,0.6108
income,wavering,greedy,30,217.95,217.95,367.7,0.5927
income,wavering,greedy,31,209.75,209.75,367.7,0.5704
income,wavering,greedy,32,221.8,221.8,367.7,0.6032
income,wavering,greedy,33,216.5,216.5,367.7,0.5888
income,wavering,greedy,34,213.4,213.4,367.7,0.5804
income,wavering,greedy,35,223.95,223.95,367.7,0.6091
income,wavering,greedy,36,208.35,208.35,367.7,0.5666
income,wavering,greedy,37,189.15,189.15,386,0.49
income,wavering,greedy,38,199.7,199.7,386,0.5174
income,wavering,greedy,39,233.6,233.6,386,0.6052
income,wavering,greedy,40,223.85,223.85,386,0.5799
income,wavering,greedy,41,219.55,219.55,386,0.5688
income,wavering,greedy,42,250.05,250.05,386,0.6478
income,wavering,greedy,43,226.8,226.8,386,0.5876
income,wavering,greedy,44,255.2,255.2,386,0.6611
income,wavering,greedy,45,201.9,201.9,386,0.5231
income,wavering,greedy,46,287.3,287.3,386,0.7443
income,wavering,greedy,47,226.55,226.55,386,0.5869
income,wavering,greedy,48,292.6,292.6,386,0.758
income,wavering,greedy,49,29.5,29.5,386,0.0764
