profile,policy,rival,how,share,median_week
perfect,greedy,orc,conquered,1,40
perfect,greedy,orc,abdicated,0,
perfect,greedy,orc,allied,0,
perfect,greedy,orc,unresolved,0,
perfect,greedy,goblin,conquered,1,32
perfect,greedy,goblin,abdicated,0,
perfect,greedy,goblin,allied,0,
perfect,greedy,goblin,unresolved,0,
perfect,greedy,dwarf,conquered,1,48
perfect,greedy,dwarf,abdicated,0,
perfect,greedy,dwarf,allied,0,
perfect,greedy,dwarf,unresolved,0,
perfect,greedy,archmage,conquered,1,23
perfect,greedy,archmage,abdicated,0,
perfect,greedy,archmage,allied,0,
perfect,greedy,archmage,unresolved,0,
perfect,smarter,orc,conquered,0.7167,38
perfect,smarter,orc,abdicated,0,
perfect,smarter,orc,allied,0.2833,28
perfect,smarter,orc,unresolved,0,
perfect,smarter,goblin,conquered,0.3167,36
perfect,smarter,goblin,abdicated,0,
perfect,smarter,goblin,allied,0.6833,22
perfect,smarter,goblin,unresolved,0,
perfect,smarter,dwarf,conquered,0.77,45
perfect,smarter,dwarf,abdicated,0.0133,28
perfect,smarter,dwarf,allied,0.2167,27
perfect,smarter,dwarf,unresolved,0,
perfect,smarter,archmage,conquered,0.67,30
perfect,smarter,archmage,abdicated,0.26,21
perfect,smarter,archmage,allied,0.07,20
perfect,smarter,archmage,unresolved,0,
perfect,push,orc,conquered,0.98,34
perfect,push,orc,abdicated,0,
perfect,push,orc,allied,0,
perfect,push,orc,unresolved,0.02,
perfect,push,goblin,conquered,1,30
perfect,push,goblin,abdicated,0,
perfect,push,goblin,allied,0,
perfect,push,goblin,unresolved,0,
perfect,push,dwarf,conquered,0.98,46
perfect,push,dwarf,abdicated,0,
perfect,push,dwarf,allied,0,
perfect,push,dwarf,unresolved,0.02,
perfect,push,archmage,conquered,0.98,22
perfect,push,archmage,abdicated,0,
perfect,push,archmage,allied,0,
perfect,push,archmage,unresolved,0.02,
steadfast,greedy,orc,conquered,0.99,41
steadfast,greedy,orc,abdicated,0,
steadfast,greedy,orc,allied,0,
steadfast,greedy,orc,unresolved,0.01,
steadfast,greedy,goblin,conquered,0.9867,39
steadfast,greedy,goblin,abdicated,0,
steadfast,greedy,goblin,allied,0,
steadfast,greedy,goblin,unresolved,0.0133,
steadfast,greedy,dwarf,conquered,0.9833,51
steadfast,greedy,dwarf,abdicated,0,
steadfast,greedy,dwarf,allied,0,
steadfast,greedy,dwarf,unresolved,0.0167,
steadfast,greedy,archmage,conquered,0.9967,31
steadfast,greedy,archmage,abdicated,0,
steadfast,greedy,archmage,allied,0,
steadfast,greedy,archmage,unresolved,0.0033,
steadfast,smarter,orc,conquered,0.6133,47
steadfast,smarter,orc,abdicated,0.04,22
steadfast,smarter,orc,allied,0.3467,37.5
steadfast,smarter,orc,unresolved,0,
steadfast,smarter,goblin,conquered,0.9433,39
steadfast,smarter,goblin,abdicated,0.0033,27
steadfast,smarter,goblin,allied,0.05,47
steadfast,smarter,goblin,unresolved,0.0033,
steadfast,smarter,dwarf,conquered,0.3233,47
steadfast,smarter,dwarf,abdicated,0.0033,24
steadfast,smarter,dwarf,allied,0.6733,31
steadfast,smarter,dwarf,unresolved,0,
steadfast,smarter,archmage,conquered,0.9433,33
steadfast,smarter,archmage,abdicated,0.0333,23.5
steadfast,smarter,archmage,allied,0.0233,34
steadfast,smarter,archmage,unresolved,0,
steadfast,push,orc,conquered,1,33.5
steadfast,push,orc,abdicated,0,
steadfast,push,orc,allied,0,
steadfast,push,orc,unresolved,0,
steadfast,push,goblin,conquered,1,30
steadfast,push,goblin,abdicated,0,
steadfast,push,goblin,allied,0,
steadfast,push,goblin,unresolved,0,
steadfast,push,dwarf,conquered,1,46
steadfast,push,dwarf,abdicated,0,
steadfast,push,dwarf,allied,0,
steadfast,push,dwarf,unresolved,0,
steadfast,push,archmage,conquered,1,24
steadfast,push,archmage,abdicated,0,
steadfast,push,archmage,allied,0,
steadfast,push,archmage,unresolved,0,
steadfastPlateau,greedy,orc,conquered,0.92,40
steadfastPlateau,greedy,orc,abdicated,0,
steadfastPlateau,greedy,orc,allied,0,
steadfastPlateau,greedy,orc,unresolved,0.08,
steadfastPlateau,greedy,goblin,conquered,0.92,38
steadfastPlateau,greedy,goblin,abdicated,0,
steadfastPlateau,greedy,goblin,allied,0,
steadfastPlateau,greedy,goblin,unresolved,0.08,
steadfastPlateau,greedy,dwarf,conquered,0.7567,50
steadfastPlateau,greedy,dwarf,abdicated,0,
steadfastPlateau,greedy,dwarf,allied,0,
steadfastPlateau,greedy,dwarf,unresolved,0.2433,
steadfastPlateau,greedy,archmage,conquered,0.9267,31
steadfastPlateau,greedy,archmage,abdicated,0,
steadfastPlateau,greedy,archmage,allied,0,
steadfastPlateau,greedy,archmage,unresolved,0.0733,
steadfastPlateau,smarter,orc,conquered,0.5833,47
steadfastPlateau,smarter,orc,abdicated,0.0267,21.5
steadfastPlateau,smarter,orc,allied,0.3333,34
steadfastPlateau,smarter,orc,unresolved,0.0567,
steadfastPlateau,smarter,goblin,conquered,0.9133,39
steadfastPlateau,smarter,goblin,abdicated,0,
steadfastPlateau,smarter,goblin,allied,0.0333,45.5
steadfastPlateau,smarter,goblin,unresolved,0.0533,
steadfastPlateau,smarter,dwarf,conquered,0.27,47
steadfastPlateau,smarter,dwarf,abdicated,0.01,24
steadfastPlateau,smarter,dwarf,allied,0.6667,31
steadfastPlateau,smarter,dwarf,unresolved,0.0533,
steadfastPlateau,smarter,archmage,conquered,0.8667,33
steadfastPlateau,smarter,archmage,abdicated,0.0633,27
steadfastPlateau,smarter,archmage,allied,0.0133,37.5
steadfastPlateau,smarter,archmage,unresolved,0.0567,
steadfastPlateau,push,orc,conquered,1,36.5
steadfastPlateau,push,orc,abdicated,0,
steadfastPlateau,push,orc,allied,0,
steadfastPlateau,push,orc,unresolved,0,
steadfastPlateau,push,goblin,conquered,1,30
steadfastPlateau,push,goblin,abdicated,0,
steadfastPlateau,push,goblin,allied,0,
steadfastPlateau,push,goblin,unresolved,0,
steadfastPlateau,push,dwarf,conquered,0.86,46
steadfastPlateau,push,dwarf,abdicated,0,
steadfastPlateau,push,dwarf,allied,0,
steadfastPlateau,push,dwarf,unresolved,0.14,
steadfastPlateau,push,archmage,conquered,1,23
steadfastPlateau,push,archmage,abdicated,0,
steadfastPlateau,push,archmage,allied,0,
steadfastPlateau,push,archmage,unresolved,0,
committed,greedy,orc,conquered,0.5367,55
committed,greedy,orc,abdicated,0,
committed,greedy,orc,allied,0,
committed,greedy,orc,unresolved,0.4633,
committed,greedy,goblin,conquered,0.5867,44
committed,greedy,goblin,abdicated,0,
committed,greedy,goblin,allied,0,
committed,greedy,goblin,unresolved,0.4133,
committed,greedy,dwarf,conquered,0.4133,62
committed,greedy,dwarf,abdicated,0,
committed,greedy,dwarf,allied,0,
committed,greedy,dwarf,unresolved,0.5867,
committed,greedy,archmage,conquered,0.6133,47
committed,greedy,archmage,abdicated,0,
committed,greedy,archmage,allied,0,
committed,greedy,archmage,unresolved,0.3867,
committed,smarter,orc,conquered,0.4,60
committed,smarter,orc,abdicated,0.03,43
committed,smarter,orc,allied,0.2233,58
committed,smarter,orc,unresolved,0.3467,
committed,smarter,goblin,conquered,0.6633,50
committed,smarter,goblin,abdicated,0,
committed,smarter,goblin,allied,0.03,62
committed,smarter,goblin,unresolved,0.3067,
committed,smarter,dwarf,conquered,0.1367,60
committed,smarter,dwarf,abdicated,0.0067,41.5
committed,smarter,dwarf,allied,0.4767,50
committed,smarter,dwarf,unresolved,0.38,
committed,smarter,archmage,conquered,0.65,57
committed,smarter,archmage,abdicated,0.0333,49
committed,smarter,archmage,allied,0.01,56
committed,smarter,archmage,unresolved,0.3067,
committed,push,orc,conquered,0.98,34
committed,push,orc,abdicated,0,
committed,push,orc,allied,0,
committed,push,orc,unresolved,0.02,
committed,push,goblin,conquered,0.96,22.5
committed,push,goblin,abdicated,0,
committed,push,goblin,allied,0,
committed,push,goblin,unresolved,0.04,
committed,push,dwarf,conquered,0.96,46
committed,push,dwarf,abdicated,0,
committed,push,dwarf,allied,0,
committed,push,dwarf,unresolved,0.04,
committed,push,archmage,conquered,0.98,27
committed,push,archmage,abdicated,0,
committed,push,archmage,allied,0,
committed,push,archmage,unresolved,0.02,
wavering,greedy,orc,conquered,0.0033,64
wavering,greedy,orc,abdicated,0,
wavering,greedy,orc,allied,0,
wavering,greedy,orc,unresolved,0.9967,
wavering,greedy,goblin,conquered,0.01,44
wavering,greedy,goblin,abdicated,0,
wavering,greedy,goblin,allied,0,
wavering,greedy,goblin,unresolved,0.99,
wavering,greedy,dwarf,conquered,0,
wavering,greedy,dwarf,abdicated,0,
wavering,greedy,dwarf,allied,0,
wavering,greedy,dwarf,unresolved,1,
wavering,greedy,archmage,conquered,0.0133,49
wavering,greedy,archmage,abdicated,0,
wavering,greedy,archmage,allied,0,
wavering,greedy,archmage,unresolved,0.9867,
wavering,smarter,orc,conquered,0,
wavering,smarter,orc,abdicated,0,
wavering,smarter,orc,allied,0.0067,61
wavering,smarter,orc,unresolved,0.9933,
wavering,smarter,goblin,conquered,0.0033,54
wavering,smarter,goblin,abdicated,0,
wavering,smarter,goblin,allied,0,
wavering,smarter,goblin,unresolved,0.9967,
wavering,smarter,dwarf,conquered,0,
wavering,smarter,dwarf,abdicated,0,
wavering,smarter,dwarf,allied,0.0033,66
wavering,smarter,dwarf,unresolved,0.9967,
wavering,smarter,archmage,conquered,0,
wavering,smarter,archmage,abdicated,0,
wavering,smarter,archmage,allied,0,
wavering,smarter,archmage,unresolved,1,
wavering,push,orc,conquered,1,40.5
wavering,push,orc,abdicated,0,
wavering,push,orc,allied,0,
wavering,push,orc,unresolved,0,
wavering,push,goblin,conquered,1,21
wavering,push,goblin,abdicated,0,
wavering,push,goblin,allied,0,
wavering,push,goblin,unresolved,0,
wavering,push,dwarf,conquered,0.88,50
wavering,push,dwarf,abdicated,0,
wavering,push,dwarf,allied,0,
wavering,push,dwarf,unresolved,0.12,
wavering,push,archmage,conquered,1,34
wavering,push,archmage,abdicated,0,
wavering,push,archmage,allied,0,
wavering,push,archmage,unresolved,0,
casual,greedy,orc,conquered,0,
casual,greedy,orc,abdicated,0,
casual,greedy,orc,allied,0,
casual,greedy,orc,unresolved,1,
casual,greedy,goblin,conquered,0,
casual,greedy,goblin,abdicated,0,
casual,greedy,goblin,allied,0,
casual,greedy,goblin,unresolved,1,
casual,greedy,dwarf,conquered,0,
casual,greedy,dwarf,abdicated,0,
casual,greedy,dwarf,allied,0,
casual,greedy,dwarf,unresolved,1,
casual,greedy,archmage,conquered,0,
casual,greedy,archmage,abdicated,0,
casual,greedy,archmage,allied,0,
casual,greedy,archmage,unresolved,1,
casual,smarter,orc,conquered,0,
casual,smarter,orc,abdicated,0,
casual,smarter,orc,allied,0,
casual,smarter,orc,unresolved,1,
casual,smarter,goblin,conquered,0,
casual,smarter,goblin,abdicated,0,
casual,smarter,goblin,allied,0,
casual,smarter,goblin,unresolved,1,
casual,smarter,dwarf,conquered,0,
casual,smarter,dwarf,abdicated,0,
casual,smarter,dwarf,allied,0,
casual,smarter,dwarf,unresolved,1,
casual,smarter,archmage,conquered,0,
casual,smarter,archmage,abdicated,0,
casual,smarter,archmage,allied,0,
casual,smarter,archmage,unresolved,1,
casual,push,orc,conquered,1,45
casual,push,orc,abdicated,0,
casual,push,orc,allied,0,
casual,push,orc,unresolved,0,
casual,push,goblin,conquered,0.98,35
casual,push,goblin,abdicated,0,
casual,push,goblin,allied,0,
casual,push,goblin,unresolved,0.02,
casual,push,dwarf,conquered,0.96,59
casual,push,dwarf,abdicated,0,
casual,push,dwarf,allied,0,
casual,push,dwarf,unresolved,0.04,
casual,push,archmage,conquered,1,42.5
casual,push,archmage,abdicated,0,
casual,push,archmage,allied,0,
casual,push,archmage,unresolved,0,
