profile,policy,category,mean_per_campaign
perfect,greedy,bendTheKnee,0
perfect,greedy,castle,2500
perfect,greedy,courtship,3681.6733
perfect,greedy,crossing,11085.6
perfect,greedy,deal,0
perfect,greedy,elite,1672
perfect,greedy,fortify,0
perfect,greedy,grandBattle,6.6
perfect,greedy,item,2993.2
perfect,greedy,tier,10674.6
perfect,smarter,bendTheKnee,0
perfect,smarter,castle,2500
perfect,smarter,courtship,2975.17
perfect,smarter,crossing,11088
perfect,smarter,deal,1673.5
perfect,smarter,elite,1200
perfect,smarter,fortify,1.764
perfect,smarter,grandBattle,7.6667
perfect,smarter,item,2758.1867
perfect,smarter,tier,10675.5
perfect,push,bendTheKnee,0
perfect,push,castle,2500
perfect,push,courtship,3347.28
perfect,push,crossing,11100
perfect,push,deal,0
perfect,push,elite,1248
perfect,push,fortify,0
perfect,push,grandBattle,9.2
perfect,push,item,2755.84
perfect,push,tier,9585.6
steadfast,greedy,bendTheKnee,0
steadfast,greedy,castle,2500
steadfast,greedy,courtship,4279.8067
steadfast,greedy,crossing,11068.4
steadfast,greedy,deal,0
steadfast,greedy,elite,2320
steadfast,greedy,fortify,0
steadfast,greedy,grandBattle,6.0667
steadfast,greedy,item,3161.3933
steadfast,greedy,tier,10183.9333
steadfast,smarter,bendTheKnee,0
steadfast,smarter,castle,2500
steadfast,smarter,courtship,3594.4133
steadfast,smarter,crossing,11083
steadfast,smarter,deal,1411.5
steadfast,smarter,elite,1952
steadfast,smarter,fortify,93.1347
steadfast,smarter,grandBattle,6.0667
steadfast,smarter,item,3047.1267
steadfast,smarter,tier,10054.3667
steadfast,push,bendTheKnee,0
steadfast,push,castle,2500
steadfast,push,courtship,3928.8
steadfast,push,crossing,11100
steadfast,push,deal,0
steadfast,push,elite,1392
steadfast,push,fortify,0
steadfast,push,grandBattle,14.4
steadfast,push,item,2687.52
steadfast,push,tier,7915.2
steadfastPlateau,greedy,bendTheKnee,0
steadfastPlateau,greedy,castle,2344.1667
steadfastPlateau,greedy,courtship,4369.0133
steadfastPlateau,greedy,crossing,10441
steadfastPlateau,greedy,deal,0
steadfastPlateau,greedy,elite,1124
steadfastPlateau,greedy,fortify,0
steadfastPlateau,greedy,grandBattle,6.4667
steadfastPlateau,greedy,item,2147.7467
steadfastPlateau,greedy,tier,6462.2667
steadfastPlateau,smarter,bendTheKnee,19.7023
steadfastPlateau,smarter,castle,2379.1667
steadfastPlateau,smarter,courtship,3665.17
steadfastPlateau,smarter,crossing,10585
steadfastPlateau,smarter,deal,1609
steadfastPlateau,smarter,elite,1036
steadfastPlateau,smarter,fortify,168.7337
steadfastPlateau,smarter,grandBattle,6.6
steadfastPlateau,smarter,item,1914.12
steadfastPlateau,smarter,tier,6312.9
steadfastPlateau,push,bendTheKnee,0
steadfastPlateau,push,castle,2500
steadfastPlateau,push,courtship,4014.94
steadfastPlateau,push,crossing,11100
steadfastPlateau,push,deal,0
steadfastPlateau,push,elite,912
steadfastPlateau,push,fortify,0
steadfastPlateau,push,grandBattle,18.4
steadfastPlateau,push,item,1729.52
steadfastPlateau,push,tier,6360
committed,greedy,bendTheKnee,0
committed,greedy,castle,1727.5
committed,greedy,courtship,5445.7733
committed,greedy,crossing,8214
committed,greedy,deal,0
committed,greedy,elite,1416
committed,greedy,fortify,0
committed,greedy,grandBattle,17.2
committed,greedy,item,2556.78
committed,greedy,tier,6326.1667
committed,smarter,bendTheKnee,576.1933
committed,smarter,castle,2122.5
committed,smarter,courtship,5539.2333
committed,smarter,crossing,9668
committed,smarter,deal,3247
committed,smarter,elite,1424
committed,smarter,fortify,1004.5033
committed,smarter,grandBattle,15.7333
committed,smarter,item,2767.3267
committed,smarter,tier,7829.5167
committed,push,bendTheKnee,0
committed,push,castle,2500
committed,push,courtship,4239.98
committed,push,crossing,11100
committed,push,deal,0
committed,push,elite,1200
committed,push,fortify,0
committed,push,grandBattle,18.582
committed,push,item,2016.88
committed,push,tier,6417.6
wavering,greedy,bendTheKnee,0
wavering,greedy,castle,138.3333
wavering,greedy,courtship,1402.65
wavering,greedy,crossing,751
wavering,greedy,deal,0
wavering,greedy,elite,468
wavering,greedy,fortify,0
wavering,greedy,grandBattle,0.1333
wavering,greedy,item,789.44
wavering,greedy,tier,472.85
wavering,smarter,bendTheKnee,971.0687
wavering,smarter,castle,56.6667
wavering,smarter,courtship,631.38
wavering,smarter,crossing,340.4
wavering,smarter,deal,3357.3
wavering,smarter,elite,308
wavering,smarter,fortify,24.0713
wavering,smarter,grandBattle,0.2667
wavering,smarter,item,338.6533
wavering,smarter,tier,234.7
wavering,push,bendTheKnee,0
wavering,push,castle,2500
wavering,push,courtship,5120.46
wavering,push,crossing,11100
wavering,push,deal,0
wavering,push,elite,1056
wavering,push,fortify,0
wavering,push,grandBattle,22.542
wavering,push,item,1199.44
wavering,push,tier,6360
casual,greedy,bendTheKnee,0
casual,greedy,castle,0
casual,greedy,courtship,197.8167
casual,greedy,crossing,0
casual,greedy,deal,0
casual,greedy,elite,0
casual,greedy,fortify,0
casual,greedy,grandBattle,0
casual,greedy,item,163.1467
casual,greedy,tier,0
casual,smarter,bendTheKnee,370
casual,smarter,castle,0
casual,smarter,courtship,197.8167
casual,smarter,crossing,0
casual,smarter,deal,3328.8
casual,smarter,elite,0
casual,smarter,fortify,0
casual,smarter,grandBattle,0
casual,smarter,item,162.6133
casual,smarter,tier,0
casual,push,bendTheKnee,0
casual,push,castle,2500
casual,push,courtship,7130.08
casual,push,crossing,11100
casual,push,deal,0
casual,push,elite,0
casual,push,fortify,0
casual,push,grandBattle,32.8
casual,push,item,767.2
casual,push,tier,6360
