lever,delta_percent,values,profile,campaigns,median_win_week,win_share,loss_share
base,0,,steadfast,30,52,0.9667,0
base,0,,committed,30,63,0.4333,0
benchmarkB,-20,0.576/0.624/0.656/0.688,steadfast,30,50,0.9667,0
benchmarkB,-20,0.576/0.624/0.656/0.688,committed,30,66.5,0.6,0
benchmarkB,-10,0.648/0.702/0.738/0.774,steadfast,30,49.5,0.9333,0
benchmarkB,-10,0.648/0.702/0.738/0.774,committed,30,66,0.5333,0
benchmarkB,10,0.792/0.858/0.902/0.946,steadfast,30,50,0.9667,0
benchmarkB,10,0.792/0.858/0.902/0.946,committed,30,64,0.3,0
benchmarkB,20,0.864/0.936/0.984/1,steadfast,30,50,0.9,0
benchmarkB,20,0.864/0.936/0.984/1,committed,30,61,0.3,0.0333
armyCostPerPower,-20,8,steadfast,30,49,0.9,0
armyCostPerPower,-20,8,committed,30,65,0.2333,0
armyCostPerPower,-10,9,steadfast,30,55,1,0
armyCostPerPower,-10,9,committed,30,66,0.3667,0
armyCostPerPower,10,11,steadfast,30,49,1,0
armyCostPerPower,10,11,committed,30,61,0.5,0
armyCostPerPower,20,12,steadfast,30,51.5,1,0
armyCostPerPower,20,12,committed,30,65,0.6333,0
armyCostScale,-20,120,steadfast,30,51,1,0
armyCostScale,-20,120,committed,30,63.5,0.6,0
armyCostScale,-10,135,steadfast,30,49,1,0
armyCostScale,-10,135,committed,30,63,0.5,0
armyCostScale,10,165,steadfast,30,51,1,0
armyCostScale,10,165,committed,30,62,0.4333,0
armyCostScale,20,180,steadfast,30,51,0.9667,0
armyCostScale,20,180,committed,30,63,0.4333,0
ascendancyRatio,-20,1.2/1.28,steadfast,30,52,0.9667,0
ascendancyRatio,-20,1.2/1.28,committed,30,63,0.4333,0.0667
ascendancyRatio,-10,1.35/1.44,steadfast,30,52,0.9667,0
ascendancyRatio,-10,1.35/1.44,committed,30,63,0.4333,0
ascendancyRatio,10,1.65/1.76,steadfast,30,52,0.9667,0
ascendancyRatio,10,1.65/1.76,committed,30,63,0.4333,0
ascendancyRatio,20,1.8/1.92,steadfast,30,52,0.9667,0
ascendancyRatio,20,1.8/1.92,committed,30,63,0.4333,0
hostShare,-20,0.48/0.4/0.56,steadfast,30,51.5,1,0
hostShare,-20,0.48/0.4/0.56,committed,30,63,0.4,0
hostShare,-10,0.54/0.45/0.63,steadfast,30,50.5,1,0
hostShare,-10,0.54/0.45/0.63,committed,30,63,0.4333,0
hostShare,10,0.66/0.55/0.77,steadfast,30,54,0.9667,0
hostShare,10,0.66/0.55/0.77,committed,30,63,0.4333,0
hostShare,20,0.72/0.6/0.84,steadfast,30,51,0.9667,0
hostShare,20,0.72/0.6/0.84,committed,30,63,0.4333,0
payoutStart,-20,0.32/0.68,steadfast,30,51,1,0
payoutStart,-20,0.32/0.68,committed,30,63,0.4333,0
payoutStart,-10,0.36/0.64,steadfast,30,51,1,0
payoutStart,-10,0.36/0.64,committed,30,62,0.3667,0
payoutStart,10,0.44/0.56,steadfast,30,51,0.9667,0
payoutStart,10,0.44/0.56,committed,30,62,0.3667,0
payoutStart,20,0.48/0.52,steadfast,30,51,1,0
payoutStart,20,0.48/0.52,committed,30,62,0.2667,0
tierIVDominion,-20,54/54,steadfast,30,52,0.9667,0
tierIVDominion,-20,54/54,committed,30,64,0.5,0
tierIVDominion,-10,61/61,steadfast,30,52,0.9667,0
tierIVDominion,-10,61/61,committed,30,63,0.4667,0
tierIVDominion,10,75/75,steadfast,30,51,0.9667,0
tierIVDominion,10,75/75,committed,30,60,0.4333,0
tierIVDominion,20,82/82,steadfast,30,50,0.9667,0
tierIVDominion,20,82/82,committed,30,61,0.3667,0
garrisonMult,-20,0.8/0.72/1.04/0.88,steadfast,30,54,1,0
garrisonMult,-20,0.8/0.72/1.04/0.88,committed,30,66,0.7,0
garrisonMult,-10,0.9/0.81/1.17/0.99,steadfast,30,54,1,0
garrisonMult,-10,0.9/0.81/1.17/0.99,committed,30,65.5,0.5333,0
garrisonMult,10,1.1/0.99/1.43/1.21,steadfast,30,49,0.9667,0
garrisonMult,10,1.1/0.99/1.43/1.21,committed,30,61,0.4,0
garrisonMult,20,1.2/1.08/1.56/1.32,steadfast,30,49,1,0
garrisonMult,20,1.2/1.08/1.56/1.32,committed,30,60,0.3,0
rivalStart,-20,120/32,steadfast,30,51.5,1,0
rivalStart,-20,120/32,committed,30,62,0.3,0
rivalStart,-10,135/36,steadfast,30,51,0.9667,0
rivalStart,-10,135/36,committed,30,62,0.3333,0
rivalStart,10,165/44,steadfast,30,51,1,0
rivalStart,10,165/44,committed,30,63,0.4667,0
rivalStart,20,180/48,steadfast,30,51,1,0
rivalStart,20,180/48,committed,30,62,0.4667,0
